"repo_name","ref_name","ref_sha1"
"crossbario/autobahn-c","HEAD","0a9c0c03dbca51b4159f77414429a68f95baae51"
"crossbario/autobahn-c","refs/heads/master","0a9c0c03dbca51b4159f77414429a68f95baae51"
"crossbario/autobahn-c","refs/remotes/origin/HEAD","0a9c0c03dbca51b4159f77414429a68f95baae51"
"crossbario/autobahn-c","refs/remotes/origin/master","0a9c0c03dbca51b4159f77414429a68f95baae51"
"crossbario/autobahn-cpp","HEAD","da95f9d5f5e86420524766a5f2d93c28cd60b199"
"crossbario/autobahn-cpp","refs/heads/master","da95f9d5f5e86420524766a5f2d93c28cd60b199"
"crossbario/autobahn-cpp","refs/remotes/david/master","c381605c37e9cb4c51701a0c7f0c5e87dddc454e"
"crossbario/autobahn-cpp","refs/remotes/david/transport_ifc","4a894ba87fe3c6e5ae6f8ab618cc7507915b3e51"
"crossbario/autobahn-cpp","refs/remotes/origin/HEAD","da95f9d5f5e86420524766a5f2d93c28cd60b199"
"crossbario/autobahn-cpp","refs/remotes/origin/master","da95f9d5f5e86420524766a5f2d93c28cd60b199"
"crossbario/autobahn-cpp","refs/tags/0.1.0","b3e233d21351295b5e2a1f179eb3634b1e7ab162"
"crossbario/autobahn-cpp","refs/tags/0.1.0^{}","b53425820e138f3452c84dfa76bbaaf4b919537a"
"crossbario/autobahn-cpp","refs/tags/0.2.0","e635be68ef9a2048cf6b3bcbc877189998fc7741"
"crossbario/autobahn-cpp","refs/tags/0.2.0^{}","2aa4b7689709e333ec253dfdb5af2eaa27eb6263"
"crossbario/autobahn-cpp","refs/tags/0.2.1","474fd74f9422d1fbf34bb2630a3596102b71d29c"
"crossbario/autobahn-cpp","refs/tags/0.2.1^{}","97bdc266da00da35f01f66347f8a0187f3e97e57"
"crossbario/autobahn-cpp","refs/tags/0.2.2","c6dcd2ff1bc6eac8eb4f423a332f405e1ffe066e"
"crossbario/autobahn-cpp","refs/tags/0.2.2^{}","c381605c37e9cb4c51701a0c7f0c5e87dddc454e"
"crossbario/autobahn-cpp","refs/tags/v17.5.1","130f000dd172ea7ad9ceded7b4689cd65453c684"
"crossbario/autobahn-cpp","refs/tags/v17.5.1^{}","6b6385e6491dfd014547972ca4e73d4a1fc5d617"
"crossbario/autobahn-java","HEAD","2e18e7eac3fff1ee27655566631a2bdefc41e0a0"
"crossbario/autobahn-java","refs/heads/master","2e18e7eac3fff1ee27655566631a2bdefc41e0a0"
"crossbario/autobahn-java","refs/heads/morefun","d1346cd4643aaa67f877d3fc7bc3ad40cf9b3928"
"crossbario/autobahn-java","refs/heads/pojo","bd99157f1d47fad921b6f8ff71bbaeea803b5e3c"
"crossbario/autobahn-java","refs/heads/polish","517a9a4677f104068012932795b8b600aad23852"
"crossbario/autobahn-java","refs/remotes/origin/HEAD","2e18e7eac3fff1ee27655566631a2bdefc41e0a0"
"crossbario/autobahn-java","refs/remotes/origin/master","2e18e7eac3fff1ee27655566631a2bdefc41e0a0"
"crossbario/autobahn-java","refs/remotes/origin/morefun","d1346cd4643aaa67f877d3fc7bc3ad40cf9b3928"
"crossbario/autobahn-java","refs/remotes/origin/pojo","bd99157f1d47fad921b6f8ff71bbaeea803b5e3c"
"crossbario/autobahn-java","refs/remotes/origin/polish","517a9a4677f104068012932795b8b600aad23852"
"crossbario/autobahn-java","refs/remotes/upstream/master","728f5c74a566bd43e7be97212df46952b6cf4ded"
"crossbario/autobahn-java","refs/stash","25683ad5a37536b49deeaaf577f00ba49302781d"
"crossbario/autobahn-java","refs/tags/v17.10.2","51b4bfa24354e5f1901bd2ce81a199ab37550b0e"
"crossbario/autobahn-java","refs/tags/v17.10.2^{}","c9b34f1fc6110ed46740eeea4576ff024271174d"
"crossbario/autobahn-java","refs/tags/v17.10.3","d546076c932cea05eb3676c58fa3313216646fee"
"crossbario/autobahn-java","refs/tags/v17.10.3^{}","d23f91df9b1296c935146868349b325d412093a1"
"crossbario/autobahn-java","refs/tags/v17.10.4","f8b62a0f51c5d06f1100ba2880065fba397804ff"
"crossbario/autobahn-java","refs/tags/v17.10.4^{}","7d80746ce60a95a51c53bca4c4248edaee829403"
"crossbario/autobahn-java","refs/tags/v17.10.5","bc95b9cbdb282ca1004a6c60e9800d65675e1a92"
"crossbario/autobahn-java","refs/tags/v17.10.5^{}","105fddeae271dc8e8193deed93eb19403a785f1a"
"crossbario/autobahn-java","refs/tags/v17.6.1-alpha","f38da2ea648a4cae57e79a48a49825d73fc4fc5f"
"crossbario/autobahn-java","refs/tags/v17.6.1-alpha^{}","f06e266272c51cc01aac2b88aabdabce43bed516"
"crossbario/autobahn-java","refs/tags/v17.8.1","444d21dc080508d6b85ac928bdc5143abb71fff0"
"crossbario/autobahn-java","refs/tags/v17.8.1^{}","04a39761baaa713e9b89679136b8ba701f0e724f"
"crossbario/autobahn-java","refs/tags/v17.8.2","d25a312b8e37238d1eef46e20eb07b5592aef0dd"
"crossbario/autobahn-java","refs/tags/v17.8.2^{}","26594d17e97d53a6b20fdb56f9dc75d912e98054"
"crossbario/autobahn-java","refs/tags/v17.9.1","694cee427d32b3ba0e557e472c497d0388a06692"
"crossbario/autobahn-java","refs/tags/v17.9.1^{}","f7d76fd64cafa41b936e7e0f01ffefb4a4137d1d"
"crossbario/autobahn-java","refs/tags/v18.3.1","ca3084fa1e13e8615d55423af5f09848fdbf96ff"
"crossbario/autobahn-java","refs/tags/v18.3.1^{}","2e18e7eac3fff1ee27655566631a2bdefc41e0a0"
"crossbario/autobahn-java","refs/tags/version-1","3e605ca5e86713988f89f9106bbc721a36f56e89"
"crossbario/autobahn-java","refs/tags/version-1^{}","e5abf7c64c9327ff2515a831d4e6125f716b69ee"
"crossbario/autobahn-js","HEAD","c3a800a359838fbbc1b47af55cd122fa01dd0de4"
"crossbario/autobahn-js","refs/heads/cryptosign","d3ee2fe9b627a9eef636cc8be29cf3e6e0d198c6"
"crossbario/autobahn-js","refs/heads/master","c3a800a359838fbbc1b47af55cd122fa01dd0de4"
"crossbario/autobahn-js","refs/remotes/origin/HEAD","c3a800a359838fbbc1b47af55cd122fa01dd0de4"
"crossbario/autobahn-js","refs/remotes/origin/cryptosign","d3ee2fe9b627a9eef636cc8be29cf3e6e0d198c6"
"crossbario/autobahn-js","refs/remotes/origin/master","c3a800a359838fbbc1b47af55cd122fa01dd0de4"
"crossbario/autobahn-js","refs/remotes/origin/rel_0_11_2","b7a116590d05fbdc391c527ce4d30c6b9da389fd"
"crossbario/autobahn-js","refs/remotes/upstream/master","c3a800a359838fbbc1b47af55cd122fa01dd0de4"
"crossbario/autobahn-js","refs/tags/v0.10.0","84274451ea329022af6d95b84f27c06429048245"
"crossbario/autobahn-js","refs/tags/v0.10.0^{}","a3998f5e249a68f4dc1b16b0d32552826a6459d9"
"crossbario/autobahn-js","refs/tags/v0.10.1","ea765b8a63ac57d985625dde9f97eff7e5bc8c25"
"crossbario/autobahn-js","refs/tags/v0.11.0","d994baa5cdf2f729880a6cec63fbe2761503b323"
"crossbario/autobahn-js","refs/tags/v0.11.0^{}","9886936a8f80457eb657498049735fe9990a982d"
"crossbario/autobahn-js","refs/tags/v0.11.1","91738faffa115918b85270d5149557347cf3c642"
"crossbario/autobahn-js","refs/tags/v0.11.1^{}","2b9af4a71151fbe0d6e7e3f4745176fefb7ca90c"
"crossbario/autobahn-js","refs/tags/v0.11.2","ed92c2376187ef30987688472a22e65fc96cbb07"
"crossbario/autobahn-js","refs/tags/v0.11.2^{}","b7a116590d05fbdc391c527ce4d30c6b9da389fd"
"crossbario/autobahn-js","refs/tags/v0.12.0","f08b18fbfa99f0cae368e7e9e7631e5cbb9a942c"
"crossbario/autobahn-js","refs/tags/v0.12.0^{}","79b093bf47f6ff3e2fd50f42fce20578150baaf9"
"crossbario/autobahn-js","refs/tags/v0.6.0","e637847d32af0bb5e5158f434f2fa14c037f3944"
"crossbario/autobahn-js","refs/tags/v0.6.0^{}","5ceb2045aac453145241a6224055e90c4d911dcc"
"crossbario/autobahn-js","refs/tags/v0.7.0","5ecbb41a5c840baff8269ec4e34f4f63d5cee435"
"crossbario/autobahn-js","refs/tags/v0.7.0^{}","e482d23a4b1e0f167f4e3ee4da0edb91f8de657a"
"crossbario/autobahn-js","refs/tags/v0.7.1","becc1840a65aed56c2ecb02cb393b338f6ab500b"
"crossbario/autobahn-js","refs/tags/v0.7.1^{}","a3f5380b941ae2942d3489efb7ba8ebc4cb4e029"
"crossbario/autobahn-js","refs/tags/v0.7.3","9e9e490d154d70fd5c16ec78f88bc4c8b3ce62c7"
"crossbario/autobahn-js","refs/tags/v0.7.3^{}","c7348486b100f5eb41255a4386fb658db81838e8"
"crossbario/autobahn-js","refs/tags/v0.7.4","91909a5bf4fc9275d05e67ce69a7f5ce389f2eb0"
"crossbario/autobahn-js","refs/tags/v0.7.4^{}","3b652f28c0105ea7e3051967c576c31e91f0e52f"
"crossbario/autobahn-js","refs/tags/v0.7.5","9fc0506c5465d601f2f4c6e55887d93905997b7f"
"crossbario/autobahn-js","refs/tags/v0.7.5^{}","3bc341287ee51ba1282ab9af716e98f0a736ece8"
"crossbario/autobahn-js","refs/tags/v0.7.7","6c56dd3818c31780808f6a4df462d59b3910bd7c"
"crossbario/autobahn-js","refs/tags/v0.7.7^{}","1ffe219e085ddd025ccdf613c9c16cbf059814eb"
"crossbario/autobahn-js","refs/tags/v0.7.9","29ba48ef175883da07699c9dd0713f17ba32f9b8"
"crossbario/autobahn-js","refs/tags/v0.7.9^{}","f066aa9439de05e60196ea27a8336e55e7a1fe0f"
"crossbario/autobahn-js","refs/tags/v0.8.0","e5bbcf50a0fb56515d355f09f8e2a7e041477727"
"crossbario/autobahn-js","refs/tags/v0.8.0^{}","5561cb7d39004cb764a01454d922c2b4a083d010"
"crossbario/autobahn-js","refs/tags/v0.8.1","92edc33f06385876814edfb5b57ad7cde5d51397"
"crossbario/autobahn-js","refs/tags/v0.8.1^{}","7792473ad7fbb038e2656805013ea0cf21e567e2"
"crossbario/autobahn-js","refs/tags/v0.8.2","700c8c543e070b698e1375114f52812cff8b7f51"
"crossbario/autobahn-js","refs/tags/v0.8.2^{}","86440a7dc357f638c453eeb19b3e9af12721fedb"
"crossbario/autobahn-js","refs/tags/v0.9.0","2448d5ac5210abe7e2f9582846e1705b2775134b"
"crossbario/autobahn-js","refs/tags/v0.9.0^{}","f21d532a672339aea48c94a79bc9c1acad6ae4b2"
"crossbario/autobahn-js","refs/tags/v0.9.1-3","290b7d5b6664b09030e3ed39e5dd02de261d4923"
"crossbario/autobahn-js","refs/tags/v0.9.1-3^{}","6f1012a332ccb4a6b06403b0d69597154839babc"
"crossbario/autobahn-js","refs/tags/v0.9.2","04da2f65af188b5b44eb684008ec3eeba654ac32"
"crossbario/autobahn-js","refs/tags/v0.9.2^{}","3fe0368f031485ef095dde212688173689c482f1"
"crossbario/autobahn-js","refs/tags/v0.9.3","210850c67cf90c4410cb95125b3b1b3ee54e24a3"
"crossbario/autobahn-js","refs/tags/v0.9.3^{}","9a257114ba4e725668fb3496a957de165b1e977e"
"crossbario/autobahn-js","refs/tags/v0.9.4","e2a6dd4cfa8f3a70bef47a57f82e68a1458d23dc"
"crossbario/autobahn-js","refs/tags/v0.9.4^{}","e6936d63660639088e004caaec109394ace4493b"
"crossbario/autobahn-js","refs/tags/v0.9.4-2","2db28bc883f276c67a31ff07d095276a6700b1f9"
"crossbario/autobahn-js","refs/tags/v0.9.4-2^{}","5408bd8748a1debe1b234e04411fc549b44d82b3"
"crossbario/autobahn-js","refs/tags/v0.9.5","8eb344b35e8e68dd34f7a41e50f688287809f511"
"crossbario/autobahn-js","refs/tags/v0.9.5^{}","a9be29b7a5b057cdcffbb3dc8d8ed45010390b2d"
"crossbario/autobahn-js","refs/tags/v0.9.6","c9dd6cc8b33093034ea6481891dced8258646897"
"crossbario/autobahn-js","refs/tags/v0.9.6^{}","34ab0266d990b06aa01c37e2080becb6331abea9"
"crossbario/autobahn-js","refs/tags/v0.9.7","db70b7eb18034d25b66117a475a79a9a4536894f"
"crossbario/autobahn-js","refs/tags/v0.9.7^{}","3e7f892573a7b1241d89cdd209c5dadcbe17940e"
"crossbario/autobahn-js","refs/tags/v0.9.8","68e867fa82714553b613e750daef1fc25c8c03df"
"crossbario/autobahn-js","refs/tags/v0.9.8^{}","40c762fc162f6f96b6bf1f1ad251124f41983d53"
"crossbario/autobahn-js","refs/tags/v0.9.9","778f651383b4099bc08153e4a128e07bf5e8702c"
"crossbario/autobahn-js","refs/tags/v0.9.9^{}","ac254578644d7e0fcfd38ed8867f94481bd806c5"
"crossbario/autobahn-js","refs/tags/v17.5.1","66245c6fc73a2053d0240ad09a7b5863a8048560"
"crossbario/autobahn-js","refs/tags/v17.5.1^{}","61bc85d709c3ef082f04918d65d9e918b8b4301c"
"crossbario/autobahn-js","refs/tags/v17.5.2","ccd2fd608856a222a0b6b3b2205e9ece62dbb891"
"crossbario/autobahn-js","refs/tags/v17.5.2^{}","8d3f6bbc1b189b33f5c32b9a2273e20aaa2c0c7c"
"crossbario/autobahn-js","refs/tags/v18.3.1","a6b2e32937eb6ab2b128405ab4b6cdcfe3a2fd6c"
"crossbario/autobahn-js","refs/tags/v18.3.1^{}","0430d19d8553f1367afe985d969139c6ed79f448"
"crossbario/autobahn-js","refs/tags/v18.3.2","8a03d3c38a645444ed322b9c3f5284e9a35d43ac"
"crossbario/autobahn-js","refs/tags/v18.3.2^{}","cac3f82c9aa6bf44e6ae97358d9b89a7f54e86b0"
"crossbario/autobahn-python","HEAD","b655872292f488d2b7a8e2354354348c439d95b0"
"crossbario/autobahn-python","refs/heads/add_correlation_is_last","9ab29ef5570d10d3810cb006384881a724a9be5a"
"crossbario/autobahn-python","refs/heads/apprunner_tx_reconn","f2d19705696115ea04680c0215ff40d64317d013"
"crossbario/autobahn-python","refs/heads/big_polish","eb22576bb26255f6d0ae64e53636cddad8e12921"
"crossbario/autobahn-python","refs/heads/cleanups2","f65ac8adf0a2d73e22f74937727787a5914b74db"
"crossbario/autobahn-python","refs/heads/examples-js","7891e9c0069c6e2f15be0fa61eef06406a4beb42"
"crossbario/autobahn-python","refs/heads/expand_msg_correlation","70c9a14ea680b7adbd7296ab8ffb1643657e383e"
"crossbario/autobahn-python","refs/heads/fab2","7d841802ea9fb41d1499e7849eff9b3e41a143ce"
"crossbario/autobahn-python","refs/heads/fix_629","56bca8a7fd08a9e0dc1978c20c3e69ce3a909cf1"
"crossbario/autobahn-python","refs/heads/fix_786","2f4c220b2e2952d975b94fd4203340a2bd24c983"
"crossbario/autobahn-python","refs/heads/fix_791","064dc75dcdb05b3f1a0b71ee8196398e4fdc4bc2"
"crossbario/autobahn-python","refs/heads/fix_cs_test","3dd6de153b202ec1e889f761f27f87616b1208ae"
"crossbario/autobahn-python","refs/heads/fix_rawsocket_and_ex","2408759914c3fafa5c67e97771e456f402143fc6"
"crossbario/autobahn-python","refs/heads/fix_travis","76d56575c21329f86a34e4501ae30de0cb2ffcd5"
"crossbario/autobahn-python","refs/heads/improve_choosereactor","0c8e32db94c23b0dab4636bd6b4a428b50968e18"
"crossbario/autobahn-python","refs/heads/master","b655872292f488d2b7a8e2354354348c439d95b0"
"crossbario/autobahn-python","refs/heads/meejah-issue709-js","8e0dcd591fe470e47e795b8f11477b6ed0310f69"
"crossbario/autobahn-python","refs/heads/move_docs_to_rtd_issue659","5d2b2a937fb73eb454a5071e04596285bf16fa28"
"crossbario/autobahn-python","refs/heads/multisocket","d41b0d983eeb339a0166040ffcb72e7a7c0bcce7"
"crossbario/autobahn-python","refs/heads/muxed_wamp","c5e329ac5ee12342ea3ccf3e863bf05fc2400dbb"
"crossbario/autobahn-python","refs/heads/newapi-asyncio-component","e9240a32efa4ea6f826bf54a262f665218e75c6f"
"crossbario/autobahn-python","refs/heads/override_correlation","67dc74ce9bdb215688f1ad5540af8e01ae069069"
"crossbario/autobahn-python","refs/heads/rel_17_10_1","d8f954b3c9f630a9b7898f28e7fbcce4d3ae3c0e"
"crossbario/autobahn-python","refs/heads/rel_17_6_2","bc2a1b37f165f68622c017f61190411278eecbd0"
"crossbario/autobahn-python","refs/heads/rel_17_7_1","8b905a96b232fea6f6b1941009e27237217337ac"
"crossbario/autobahn-python","refs/heads/rel_17_8_1","fa416b58abe13f1b3f59b8f3036c36994554b5f1"
"crossbario/autobahn-python","refs/heads/rel_17_9_2","420083e7dc925821456574213dd20cf2e0ac0f75"
"crossbario/autobahn-python","refs/heads/rel_17_9_3","002a0a288e625f3c26c54cfb130e4d1806a298de"
"crossbario/autobahn-python","refs/heads/rel_18_3","88963f1a7996ad1b0e172625211e0c630ece552c"
"crossbario/autobahn-python","refs/heads/reuse_reconn_session","781d96e32a04998ba59946b07c6696b28974d8f4"
"crossbario/autobahn-python","refs/heads/tls-options-component","949430e3466e08271654f5c990697257b6d40c01"
"crossbario/autobahn-python","refs/heads/update_wstest","ce67bd468fd7bde16f2331938acfa188c6b0dbcd"
"crossbario/autobahn-python","refs/remotes/jmgurney/csutil","7b9a1d29d7c35beff2df33710407f4f9ae2229a4"
"crossbario/autobahn-python","refs/remotes/jmgurney/csutilb","8c2b574560011dabf750713f7f610b4033bb54cc"
"crossbario/autobahn-python","refs/remotes/jmgurney/master","ca0df71681b1e32f7878af14cb8cb7053ac0b82f"
"crossbario/autobahn-python","refs/remotes/meejah/656-publish-options","037f00a05adab4e0f4060885683815b80601feae"
"crossbario/autobahn-python","refs/remotes/meejah/async_request_errbacks","75db64c3b064137ce7646d8ba6782d11619b17f8"
"crossbario/autobahn-python","refs/remotes/meejah/asyncio-component-txaio","aebdc2c0cee58b044847899d320a98f44c759a53"
"crossbario/autobahn-python","refs/remotes/meejah/authentication-improvements.2","73795c8b2cafbbd666fd379334dc3425246c6d12"
"crossbario/autobahn-python","refs/remotes/meejah/authentication-improvements.3","48074d3248aa0d345cb0831dcb6491abd0069231"
"crossbario/autobahn-python","refs/remotes/meejah/cleanups2","e4e911760ea2fdb880958ab6843fab08954f5fb3"
"crossbario/autobahn-python","refs/remotes/meejah/component-errors-on-no-auth","d232a1544a6f6128fd2f6fb25c1c2c0614c5d40f"
"crossbario/autobahn-python","refs/remotes/meejah/connection-error-handling","a24ee0ac4ed8bd1ae51728b078eebe44cda74701"
"crossbario/autobahn-python","refs/remotes/meejah/default-onchallenge-impl","b929e57c02ea564af2e4fd382841c8b9f96e3209"
"crossbario/autobahn-python","refs/remotes/meejah/dev-txaio","df4a18b52c2196257a5ba7f267fc0525097baa51"
"crossbario/autobahn-python","refs/remotes/meejah/doc-fixups","5771f3eb27e56561fe6f6087d15e014bfda12774"
"crossbario/autobahn-python","refs/remotes/meejah/documentation-build","6db99318e1e86b6f4cc40059fb4324b5579791bb"
"crossbario/autobahn-python","refs/remotes/meejah/errback-api","c21e59cc7918f0310c8e7bc9dcc01cd8a1771ec9"
"crossbario/autobahn-python","refs/remotes/meejah/event-retention-examples","2c0bc5b1442efcd9608a9c4157e74959aa5e1d05"
"crossbario/autobahn-python","refs/remotes/meejah/examples-improvements","7aa82017f88d5abe13e8c1b72201c55165e92db3"
"crossbario/autobahn-python","refs/remotes/meejah/examples-js","9a5d11e044fcee93aee5f68f511cf09375bcf3c0"
"crossbario/autobahn-python","refs/remotes/meejah/examples-rework","d6f75d39447ed12e7e0fcad7508ad0355aca724e"
"crossbario/autobahn-python","refs/remotes/meejah/filter-exclude-list","e07e4e466cd34de35b0cdf767e12b5716672b641"
"crossbario/autobahn-python","refs/remotes/meejah/fix-twisted-17","b1d4f58edf0ca7787eec8fe571a88064facadeea"
"crossbario/autobahn-python","refs/remotes/meejah/fix-utests","91527fb96317528e757315564772aabcfdcadc04"
"crossbario/autobahn-python","refs/remotes/meejah/issue388-ensure-text-keys","1d6c56f66c744d7c0c55e29861b42a3078f93814"
"crossbario/autobahn-python","refs/remotes/meejah/issue409-configurable-transports","5de60711bd02781b9a98e5e767ce4d41ba9a2d60"
"crossbario/autobahn-python","refs/remotes/meejah/issue409-transport-config-no-retry","460b4dcaf3c720618f48ccb2889199395fc9a146"
"crossbario/autobahn-python","refs/remotes/meejah/issue409-transport-config-no-retry--squash","b44c77b377582a43dc1552f3785214bae843fa74"
"crossbario/autobahn-python","refs/remotes/meejah/issue409-transport-config-no-retry--squash1","1a2d573ac49ec91d0f840d43fed75ece617ce5e9"
"crossbario/autobahn-python","refs/remotes/meejah/issue409-transport-config-with-retry","4d8973c69dab574844618a901ba6dfd51b283cb1"
"crossbario/autobahn-python","refs/remotes/meejah/issue436-mock-upgrade","3aa7a2b977d5ef12c3cc315689b0cf69a4da3686"
"crossbario/autobahn-python","refs/remotes/meejah/issue437-run-examples","c5feb3152ca0986ade81494b0d8b75bd71e416bd"
"crossbario/autobahn-python","refs/remotes/meejah/issue444","8db76f8b2a7d518c478cad3b988d2ed14bdb1327"
"crossbario/autobahn-python","refs/remotes/meejah/issue445","b128812c63e69b320e440f641b3bf5e4b7acd3ef"
"crossbario/autobahn-python","refs/remotes/meejah/issue530-proxy-wss","46ec9e0925a8a774eda19ca8a654557f49a71439"
"crossbario/autobahn-python","refs/remotes/meejah/issue679-asyncio-rawsocket-from-izderadicka","5490ea724317378b9b2e13d04ea47dcc91e98428"
"crossbario/autobahn-python","refs/remotes/meejah/issue701-tests-and-more","f07aa66e0d1bdbab96df026fedf0b115d1d296d2"
"crossbario/autobahn-python","refs/remotes/meejah/issue709-js","84a40c61b87ef402458ae8906b7d237701857971"
"crossbario/autobahn-python","refs/remotes/meejah/issue752-async-on-connect","c103777dc213dffb31bd9ab559137624ad4b542c"
"crossbario/autobahn-python","refs/remotes/meejah/issue892-bytes","aebaedc46b5944fe56b3f94aa06c39e3fcfc98db"
"crossbario/autobahn-python","refs/remotes/meejah/log-fixes","91b7140046c6c3c14af5fec4908f91af375a3bae"
"crossbario/autobahn-python","refs/remotes/meejah/logging-refactor","d8c5a0a22373d92eb5819ff9e543b6d877b8c207"
"crossbario/autobahn-python","refs/remotes/meejah/master","54da8882eea3f4b1da62a6d3481556ab77720d41"
"crossbario/autobahn-python","refs/remotes/meejah/more-error-handling-squash","7bc66b346b67ffd47228439e768764dea953cdbd"
"crossbario/autobahn-python","refs/remotes/meejah/multisocket","2aa1d0d89669be005ba2344dcd88e01c22109a2c"
"crossbario/autobahn-python","refs/remotes/meejah/newapi-asyncio-component","61ece45c2751dcb787004e3be7fd08e907ad9db9"
"crossbario/autobahn-python","refs/remotes/meejah/newapi-check-transport-config","6037727de376dda8fdafcf14e521b7db15eb16a3"
"crossbario/autobahn-python","refs/remotes/meejah/newapi-improvements--transport-smart-class.rebase","7b204dfd02fbeb4e06021bd85ffa9db63da9475d"
"crossbario/autobahn-python","refs/remotes/meejah/newapi-improvements-squash","0707bf75087e46adeeb9286b05c0e523a22662b1"
"crossbario/autobahn-python","refs/remotes/meejah/newapi-improvements.4","3f95cd962d240417692e584fd81d1e45172740b1"
"crossbario/autobahn-python","refs/remotes/meejah/newapi-improvements.6","371de0adaa177a7135b32eb287a0486ce5492126"
"crossbario/autobahn-python","refs/remotes/meejah/newapi-improvements.6--no-decorators","3cfcf7f958f9edf266ab2ccf40a002a8091bbf75"
"crossbario/autobahn-python","refs/remotes/meejah/newapi-improvements.6-authentication","b40990ea7a1ae7c1ac21eba2b9729950cb612da5"
"crossbario/autobahn-python","refs/remotes/meejah/newapi-improvements.6-decorators","c3812044980bd184c520b53154232d5ba882dee4"
"crossbario/autobahn-python","refs/remotes/meejah/newapi-improvements.6-reg-sub-decorators","49021bf74bc4ff93d23f6641b47752f59f43bd39"
"crossbario/autobahn-python","refs/remotes/meejah/newapi-joined-left","49a200d66d00d3fdc5904d63d3697afdeb589fe1"
"crossbario/autobahn-python","refs/remotes/meejah/newapi-joined-left--service","73cb4a71a76aa8a185ce3e52cb76245dab4ce300"
"crossbario/autobahn-python","refs/remotes/meejah/newapi-pubreg-decorator-example","4e7a79593ebb7d13cbbcbde7131d63685d5302da"
"crossbario/autobahn-python","refs/remotes/meejah/newapi-transport-options","1c4919d3e093f651b82725b05874c749c68ba67a"
"crossbario/autobahn-python","refs/remotes/meejah/prefixsubscribe","d61e156c2e5159c6cdea41d86b1b06ca206e71a3"
"crossbario/autobahn-python","refs/remotes/meejah/proxy-arg-documentation","fa71222df41378a2818e690e91e854f46cd01309"
"crossbario/autobahn-python","refs/remotes/meejah/rawsocket-closed","14b287bff27328bd176e547cb41ae97562911709"
"crossbario/autobahn-python","refs/remotes/meejah/refactor-transport","0f29634bdc9e030acc2587cdd925f7db39759e2a"
"crossbario/autobahn-python","refs/remotes/meejah/refactor-transport--newapi-examples","1ee11c794a6a7e38f2bd06fa8ddf41c85f0a008b"
"crossbario/autobahn-python","refs/remotes/meejah/refactor-transport--squash","d8485d74be4bc500138fe894cecb600f2b3a1fe1"
"crossbario/autobahn-python","refs/remotes/meejah/refactor-transport--squash2","5239e749343cd18e16b076f56b0ed29cdbb0a66a"
"crossbario/autobahn-python","refs/remotes/meejah/register-prefix","060e82e41ab6da539fecf53e265045cafeb3433b"
"crossbario/autobahn-python","refs/remotes/meejah/ticket-note","b9c88a6a31fdf1f62a213a3978f6be763dd377d1"
"crossbario/autobahn-python","refs/remotes/meejah/ticket1075-revoke-subscription-force-reregister","22e74b8b07eb743f49403a2f6f8e51363d1bc8b7"
"crossbario/autobahn-python","refs/remotes/meejah/ticket811-skipped-tests","d17a3cd23c3ed07e1971f32a507dea70a84dbe31"
"crossbario/autobahn-python","refs/remotes/meejah/tls-example","62a3bc1f6c0f17d6dbca5bbb61cc6f691e34b7f4"
"crossbario/autobahn-python","refs/remotes/meejah/tls-options-component","5323b81a8b73a206b8623b1b5f1e5e05060cc9ac"
"crossbario/autobahn-python","refs/remotes/meejah/transport-keys","d5b7fbdf47b5f16f290f934f01c35b43804effe0"
"crossbario/autobahn-python","refs/remotes/meejah/txaio-logging","885ebf235e600b61fa21224ece0f4089be6a3381"
"crossbario/autobahn-python","refs/remotes/meejah/txaio-logging-rebase","e430864497c7b10ca84932c0f6f1eb57cc22149e"
"crossbario/autobahn-python","refs/remotes/meejah/urls-are-bytes","9b85b80f271e551c3a3e529482e9c61867ca0041"
"crossbario/autobahn-python","refs/remotes/meejah/use-txaio-squash","5a627b137d427ec20c58f4eee4671da97692015d"
"crossbario/autobahn-python","refs/remotes/meejah/wamp-scram-prototype","1d48e9015a9b3ebcf7f7cb078edd9b96913c291a"
"crossbario/autobahn-python","refs/remotes/meejah/wampcra-auth-salted","dd7b0f698ce5c281961828b84e466e39da7dd652"
"crossbario/autobahn-python","refs/remotes/meejah/ws-reconnect-example","32486defd0553c6dbf007e1072908ff6e9dfc70a"
"crossbario/autobahn-python","refs/remotes/origin/HEAD","b655872292f488d2b7a8e2354354348c439d95b0"
"crossbario/autobahn-python","refs/remotes/origin/add_correlation_is_last","9ab29ef5570d10d3810cb006384881a724a9be5a"
"crossbario/autobahn-python","refs/remotes/origin/apprunner_tx_reconn","f2d19705696115ea04680c0215ff40d64317d013"
"crossbario/autobahn-python","refs/remotes/origin/big_polish","63474346301ed571c4189ddad41a6b4d16b7092c"
"crossbario/autobahn-python","refs/remotes/origin/cleanups2","102811ce835a1a729b7db5de826fe0584a13ffef"
"crossbario/autobahn-python","refs/remotes/origin/e2e","733b025c248334bfb3de7e17dc052ce2f1d9a448"
"crossbario/autobahn-python","refs/remotes/origin/examples-js","7891e9c0069c6e2f15be0fa61eef06406a4beb42"
"crossbario/autobahn-python","refs/remotes/origin/expand_msg_correlation","70c9a14ea680b7adbd7296ab8ffb1643657e383e"
"crossbario/autobahn-python","refs/remotes/origin/fab2","7d841802ea9fb41d1499e7849eff9b3e41a143ce"
"crossbario/autobahn-python","refs/remotes/origin/fix_440","fe3559d5446d6dd4d9bc977e8cf220c4cd726a97"
"crossbario/autobahn-python","refs/remotes/origin/fix_604","8ddad96f7114a23cd97e0cd38732bc7e47bdb220"
"crossbario/autobahn-python","refs/remotes/origin/fix_629","56bca8a7fd08a9e0dc1978c20c3e69ce3a909cf1"
"crossbario/autobahn-python","refs/remotes/origin/fix_631","ed7a5c039762303f57e19aabf20901dc56584ac5"
"crossbario/autobahn-python","refs/remotes/origin/fix_786","2f4c220b2e2952d975b94fd4203340a2bd24c983"
"crossbario/autobahn-python","refs/remotes/origin/fix_791","064dc75dcdb05b3f1a0b71ee8196398e4fdc4bc2"
"crossbario/autobahn-python","refs/remotes/origin/fix_crypto_import","9fb50e7eca34f32d15b3afffe32be74def1e700a"
"crossbario/autobahn-python","refs/remotes/origin/fix_cs_test","3dd6de153b202ec1e889f761f27f87616b1208ae"
"crossbario/autobahn-python","refs/remotes/origin/fix_rawsocket_and_ex","2408759914c3fafa5c67e97771e456f402143fc6"
"crossbario/autobahn-python","refs/remotes/origin/fix_travis","76d56575c21329f86a34e4501ae30de0cb2ffcd5"
"crossbario/autobahn-python","refs/remotes/origin/fix_win_glitches","604bc53a3beec173020c944ce9cb38afca2a9126"
"crossbario/autobahn-python","refs/remotes/origin/improve_choosereactor","0c8e32db94c23b0dab4636bd6b4a428b50968e18"
"crossbario/autobahn-python","refs/remotes/origin/master","b655872292f488d2b7a8e2354354348c439d95b0"
"crossbario/autobahn-python","refs/remotes/origin/meejah-issue709-js","8e0dcd591fe470e47e795b8f11477b6ed0310f69"
"crossbario/autobahn-python","refs/remotes/origin/message_tracing","cd2535979b928f7645d7bd26e8165085d163bc20"
"crossbario/autobahn-python","refs/remotes/origin/move_docs_to_rtd_issue659","5d2b2a937fb73eb454a5071e04596285bf16fa28"
"crossbario/autobahn-python","refs/remotes/origin/multisocket","d41b0d983eeb339a0166040ffcb72e7a7c0bcce7"
"crossbario/autobahn-python","refs/remotes/origin/muxed_wamp","c5e329ac5ee12342ea3ccf3e863bf05fc2400dbb"
"crossbario/autobahn-python","refs/remotes/origin/newapi","ad0533685c3d2996f33c70fbfee32c23247cb2df"
"crossbario/autobahn-python","refs/remotes/origin/newapi-asyncio-component","e9240a32efa4ea6f826bf54a262f665218e75c6f"
"crossbario/autobahn-python","refs/remotes/origin/override_correlation","67dc74ce9bdb215688f1ad5540af8e01ae069069"
"crossbario/autobahn-python","refs/remotes/origin/refactor-transport","d16f56258541499b7dd65330fe7b23e8805213de"
"crossbario/autobahn-python","refs/remotes/origin/refactor-transport--newapi-examples","2dbdbfbfc53f0be0a5be2a616ab23e2abb24264a"
"crossbario/autobahn-python","refs/remotes/origin/rel_17_10_1","d8f954b3c9f630a9b7898f28e7fbcce4d3ae3c0e"
"crossbario/autobahn-python","refs/remotes/origin/rel_17_6_2","bc2a1b37f165f68622c017f61190411278eecbd0"
"crossbario/autobahn-python","refs/remotes/origin/rel_17_7_1","8b905a96b232fea6f6b1941009e27237217337ac"
"crossbario/autobahn-python","refs/remotes/origin/rel_17_8_1","fa416b58abe13f1b3f59b8f3036c36994554b5f1"
"crossbario/autobahn-python","refs/remotes/origin/rel_17_9_2","420083e7dc925821456574213dd20cf2e0ac0f75"
"crossbario/autobahn-python","refs/remotes/origin/rel_17_9_3","002a0a288e625f3c26c54cfb130e4d1806a298de"
"crossbario/autobahn-python","refs/remotes/origin/rel_18_3","88963f1a7996ad1b0e172625211e0c630ece552c"
"crossbario/autobahn-python","refs/remotes/origin/reuse_reconn_session","781d96e32a04998ba59946b07c6696b28974d8f4"
"crossbario/autobahn-python","refs/remotes/origin/tls-options-component","949430e3466e08271654f5c990697257b6d40c01"
"crossbario/autobahn-python","refs/remotes/origin/ubjson","1f9209596cbbb8ef8f7dcf1cbfb11fd95b9c9f36"
"crossbario/autobahn-python","refs/remotes/origin/update_wstest","ce67bd468fd7bde16f2331938acfa188c6b0dbcd"
"crossbario/autobahn-python","refs/remotes/origin/write_coalescing","f760fc10227c59f75728885b410928b584107952"
"crossbario/autobahn-python","refs/remotes/upstream/e2e","733b025c248334bfb3de7e17dc052ce2f1d9a448"
"crossbario/autobahn-python","refs/remotes/upstream/fix_440","fe3559d5446d6dd4d9bc977e8cf220c4cd726a97"
"crossbario/autobahn-python","refs/remotes/upstream/master","b655872292f488d2b7a8e2354354348c439d95b0"
"crossbario/autobahn-python","refs/remotes/upstream/newapi","ad0533685c3d2996f33c70fbfee32c23247cb2df"
"crossbario/autobahn-python","refs/remotes/upstream/refactor-transport","d16f56258541499b7dd65330fe7b23e8805213de"
"crossbario/autobahn-python","refs/remotes/upstream/refactor-transport--newapi-examples","2dbdbfbfc53f0be0a5be2a616ab23e2abb24264a"
"crossbario/autobahn-python","refs/remotes/upstream/revert-912-apprunner-transport-overrides","a30e18336a27f0604aa76cb88e0b1b91dc9ac406"
"crossbario/autobahn-python","refs/remotes/upstream/write_coalescing","f760fc10227c59f75728885b410928b584107952"
"crossbario/autobahn-python","refs/stash","7fd39b067ce27ebce97cd8f277770c28aaab5586"
"crossbario/autobahn-python","refs/tags/v0.1","bf4844fa0d8da4a88337f29a1b9433477f1169c0"
"crossbario/autobahn-python","refs/tags/v0.1^{}","2bc3e5ca8c68025c86826f425f59f8bb80fe4608"
"crossbario/autobahn-python","refs/tags/v0.10.0","3ec3a11cac29b063807c37f5026b11e6297f1950"
"crossbario/autobahn-python","refs/tags/v0.10.0^{}","d2e30d1a7611a2cc6676484bf4e2b4c7a355f9ac"
"crossbario/autobahn-python","refs/tags/v0.10.1","69e6f7bf998e3d0b74630f695417ea398e61a8cc"
"crossbario/autobahn-python","refs/tags/v0.10.1^{}","1edc3d32367fbc19108994eb09f7cb9435c95756"
"crossbario/autobahn-python","refs/tags/v0.10.2","35d984d1e696db77283ae72a9d336229c7aecaae"
"crossbario/autobahn-python","refs/tags/v0.10.2^{}","a35090837ade0cd62d38232ea8279bf0a974b416"
"crossbario/autobahn-python","refs/tags/v0.10.3","8318be42efd70f4a03af9ef6a866609d41d917cf"
"crossbario/autobahn-python","refs/tags/v0.10.3^{}","c94500c79537070664659fdf07aaac50b7cad871"
"crossbario/autobahn-python","refs/tags/v0.10.4","f39b153aade73089f1a87f066c371cf7012bec71"
"crossbario/autobahn-python","refs/tags/v0.10.4^{}","29f8accd79d2f852d278edf6486ce64c515d409a"
"crossbario/autobahn-python","refs/tags/v0.10.5","5e7c236878c7fa2d36ce0f7f248d82547d94c230"
"crossbario/autobahn-python","refs/tags/v0.10.5^{}","dd2c9e4cba0d2052bc6a04a26a84ee73b9bafdde"
"crossbario/autobahn-python","refs/tags/v0.10.5-2","d2b1c3b7fb9033c2b8500fa3701091f7d2d73449"
"crossbario/autobahn-python","refs/tags/v0.10.5-2^{}","3fce8aca718335db99aba7adbd4426c8a81cb0e0"
"crossbario/autobahn-python","refs/tags/v0.10.6","756310af837dbb33ab75ae73c3de3190e0eda814"
"crossbario/autobahn-python","refs/tags/v0.10.6^{}","b35d99f1e5ecf3e6063b028271098c551dab5532"
"crossbario/autobahn-python","refs/tags/v0.10.7","f4abbf22e262d90a5508ea0a7a5267d1f957f054"
"crossbario/autobahn-python","refs/tags/v0.10.7^{}","a69e7048b86643644a1d8b68dfeec97f9162a4cd"
"crossbario/autobahn-python","refs/tags/v0.10.8","1edb8b11b10553b467ab6ead4a83c20274760c29"
"crossbario/autobahn-python","refs/tags/v0.10.8^{}","942d27eb6a87084cb8964fd2c9abaae67807be13"
"crossbario/autobahn-python","refs/tags/v0.10.9","64fb41a4652bf928d7f15012d4264dc849baf549"
"crossbario/autobahn-python","refs/tags/v0.10.9^{}","cf10233bec6d2e3b2cd4ce14a50ac7f43180617b"
"crossbario/autobahn-python","refs/tags/v0.11.0","b38425efd8be787b7f97a82124d5039b77ceef77"
"crossbario/autobahn-python","refs/tags/v0.11.0^{}","1d720c9e3ca937b78016218b2a1ba3086081998f"
"crossbario/autobahn-python","refs/tags/v0.12.0","06babc28431268fec1916d3891a6e4d7a4fe741c"
"crossbario/autobahn-python","refs/tags/v0.12.0^{}","281237c08883a4195a4839d5086e9571ec61a7e1"
"crossbario/autobahn-python","refs/tags/v0.12.1","22b1183bd06c3329308746fc1fd33c49785f7fab"
"crossbario/autobahn-python","refs/tags/v0.13.0","17561ccfb9c2eab788756271a05dbd68462c40d6"
"crossbario/autobahn-python","refs/tags/v0.13.0^{}","8d034622e8f6de88a619cb7dd59f57701708575d"
"crossbario/autobahn-python","refs/tags/v0.13.1","94500eb40a8a035cb32c383ecf39d668935f4b80"
"crossbario/autobahn-python","refs/tags/v0.13.1^{}","dc949e6c384711feafd23f491a9e1f1fdda541e4"
"crossbario/autobahn-python","refs/tags/v0.14.0","1603c0ccc95e2622a1c3987bc2e75a6e586b6d0d"
"crossbario/autobahn-python","refs/tags/v0.14.0^{}","81f693d33c2f5878ff89c910ca4c2e1001cc9862"
"crossbario/autobahn-python","refs/tags/v0.14.1","d1c409b7e300536627a3f4694da0a73d3923e368"
"crossbario/autobahn-python","refs/tags/v0.14.1^{}","3bf07564abc0eaa43a0e0e4788fb5e2edee6ac40"
"crossbario/autobahn-python","refs/tags/v0.15.0","e59aba751a33e046163ec3780be25ea77ce90b46"
"crossbario/autobahn-python","refs/tags/v0.15.0^{}","43b57f8d5aa024963bd37464f81b50b2b03e1687"
"crossbario/autobahn-python","refs/tags/v0.16.0","13acd69502787bd22ed811959946ff397e3db9a3"
"crossbario/autobahn-python","refs/tags/v0.16.0^{}","ade9eb52e0e2312e25b57a4c7910c0a744172aad"
"crossbario/autobahn-python","refs/tags/v0.16.1","5b8f829f88dcbcde772bfa177c2107a065832906"
"crossbario/autobahn-python","refs/tags/v0.16.1^{}","ea4842090a03cf57c09eb0c34359cff4d3cc2b44"
"crossbario/autobahn-python","refs/tags/v0.17.0","fbe40504dbd73c35bad2f6cc116d7c5049aae835"
"crossbario/autobahn-python","refs/tags/v0.17.0^{}","81d9276f4bdb2421a032381646dd04d6dc5b563f"
"crossbario/autobahn-python","refs/tags/v0.17.1","c34fe1bd08f53430a4f8f3558ce6e0c0c9fa48ae"
"crossbario/autobahn-python","refs/tags/v0.17.1^{}","73067d1fd1a063d6a59fc9f5f8699a492129ed1e"
"crossbario/autobahn-python","refs/tags/v0.17.2","0d095937ada30bca0465a99aeed56e46c5d57ae8"
"crossbario/autobahn-python","refs/tags/v0.17.2^{}","0eef8c724973e513923d27361173f05d9bdfc3ca"
"crossbario/autobahn-python","refs/tags/v0.18.0","ab5abb3cf0b21fb6ac832514a22a4d8570bc4b74"
"crossbario/autobahn-python","refs/tags/v0.18.0^{}","2db7a4025e180076e2d841a0700f20e48527e5c6"
"crossbario/autobahn-python","refs/tags/v0.18.1","6f657b573e1c4e5dfd7dbda541b250b2475f088c"
"crossbario/autobahn-python","refs/tags/v0.18.1^{}","fd7ec419b28e7a2af687ded78f02f1583712fcc3"
"crossbario/autobahn-python","refs/tags/v0.18.2","0254513640ed35815c0d06b33d25bc9f976b75ac"
"crossbario/autobahn-python","refs/tags/v0.18.2^{}","731228a19da806e8a219090ff1d746adfa3388c6"
"crossbario/autobahn-python","refs/tags/v0.2","99243646c8ed2a927565b64f29fdcf21046a9991"
"crossbario/autobahn-python","refs/tags/v0.2^{}","4d75dbffb18306c94611282a521661a24ea6901a"
"crossbario/autobahn-python","refs/tags/v0.3","9e3ca761548b9ec04d0589dd5f85e1dbce98b096"
"crossbario/autobahn-python","refs/tags/v0.3^{}","9a4c7583cb779611d0dc8fc115cade6fabf46cf3"
"crossbario/autobahn-python","refs/tags/v0.3.1","c249240ba4c6b8d02cb2f488ddc4e9bcf46477dd"
"crossbario/autobahn-python","refs/tags/v0.3.1^{}","aece650e41a0033744ffebeb8b5b11a16c5d986b"
"crossbario/autobahn-python","refs/tags/v0.3.2","39ea8f5911c3781d8456f90630c7290b27ee4f22"
"crossbario/autobahn-python","refs/tags/v0.3.2^{}","5c7bbf4d31ca9037e508f5415ac7c57630df3002"
"crossbario/autobahn-python","refs/tags/v0.4.0","dfd835cf414da0fcad7ce16fab50ffe861ea6b23"
"crossbario/autobahn-python","refs/tags/v0.4.0^{}","2cb7e90b0c5b03a40f13fcd4c58a74b16c7290bd"
"crossbario/autobahn-python","refs/tags/v0.4.1","a511f71bc5d45c16a373d6123ca10372e1b8647c"
"crossbario/autobahn-python","refs/tags/v0.4.1^{}","417a30c85ac9d97c8a5ea614a3334f3789c21d96"
"crossbario/autobahn-python","refs/tags/v0.4.10","643d2ee71c842f3936baa7d7569bdc8b4a2bd3b5"
"crossbario/autobahn-python","refs/tags/v0.4.10^{}","8e69f4e919ad336ec47b49414c1cfadc857f69b2"
"crossbario/autobahn-python","refs/tags/v0.4.2","99b33bdc02a66cce30fabf5195528d94b73e86eb"
"crossbario/autobahn-python","refs/tags/v0.4.2^{}","ce1e886c317de8fdd4570837ec7f290a6e4b7402"
"crossbario/autobahn-python","refs/tags/v0.4.3","ea9cf0616066c6998d83c7cb740ec720e6b74df0"
"crossbario/autobahn-python","refs/tags/v0.4.3^{}","e1dae070e67a9361f14beba775c66961e06d43ff"
"crossbario/autobahn-python","refs/tags/v0.5.0","72b6183609aff4a0e261e162255cce1569e2ac0b"
"crossbario/autobahn-python","refs/tags/v0.5.0^{}","d22f80a38e51972f791875bc4eae9e99bb26b6a9"
"crossbario/autobahn-python","refs/tags/v0.5.1","269f24cc4a12b28a985f241eeb412fa344598ea0"
"crossbario/autobahn-python","refs/tags/v0.5.1^{}","8225789a62e0f9a9c49b5cd6a44eef9c5cd26ebc"
"crossbario/autobahn-python","refs/tags/v0.5.14","3cd01a119f2929644136dc7f93557c049fa648f8"
"crossbario/autobahn-python","refs/tags/v0.5.14^{}","54c56e6de4654ecd204a075b93711bb176aa9933"
"crossbario/autobahn-python","refs/tags/v0.5.2","482edeac5f1cc3de624c63aabac575f99913e506"
"crossbario/autobahn-python","refs/tags/v0.5.2^{}","bc42e60f8f8cbb10a9c05e1d55d0748a2ec45365"
"crossbario/autobahn-python","refs/tags/v0.5.4","5a4bd1d86bd39ed910d6495a2cc45347611ca84a"
"crossbario/autobahn-python","refs/tags/v0.5.4^{}","7f601c3a3631bb9fb6820f664860df4e4e2a26b8"
"crossbario/autobahn-python","refs/tags/v0.5.5","0c00584aa7b6964c17821c9a1ed287ef6e38d1a3"
"crossbario/autobahn-python","refs/tags/v0.5.5^{}","1fdb4446ec103e2a0b40d3a75a63f3b0c1d0c4ea"
"crossbario/autobahn-python","refs/tags/v0.5.6","449fc7dabb9c15fddaacf7c0a70debc7f01c5c89"
"crossbario/autobahn-python","refs/tags/v0.5.6^{}","717325f19964134259845c1873b255aec3b2ede4"
"crossbario/autobahn-python","refs/tags/v0.5.7","7d3c4c3a456d619b369775b6620f83f3a9700793"
"crossbario/autobahn-python","refs/tags/v0.5.7^{}","be8be7d2f016935998513be9ac0f656b467cdcef"
"crossbario/autobahn-python","refs/tags/v0.5.8","18b88db531ff681625de8f6c65aabab6c03b2157"
"crossbario/autobahn-python","refs/tags/v0.5.8^{}","40fd5e5448446cea0ed8b4ddbe6942c249e4221b"
"crossbario/autobahn-python","refs/tags/v0.5.9","72216f3040d9cf163a6539d58229638575ec0d01"
"crossbario/autobahn-python","refs/tags/v0.5.9^{}","4a099409b69112febbb520f56313fd8225779c70"
"crossbario/autobahn-python","refs/tags/v0.6.3","3106bcbf957651b83d1abdd9162930bc1499e027"
"crossbario/autobahn-python","refs/tags/v0.6.3^{}","6239c0fa12e56722935bbea7f77066793115c7ea"
"crossbario/autobahn-python","refs/tags/v0.6.4","2f97cfaaf7b4aacce21cca876c4cf14d0d9bd8bc"
"crossbario/autobahn-python","refs/tags/v0.6.4^{}","f3195e17251f4209bf1f6830bb75df4d8bc20db9"
"crossbario/autobahn-python","refs/tags/v0.6.5","91569c02969ec33568d54545b2676ebf65e97267"
"crossbario/autobahn-python","refs/tags/v0.6.5^{}","6a4501a61a4bea8d2b3f9591c939f361184fa208"
"crossbario/autobahn-python","refs/tags/v0.7.0","e6dc7ae4f6f9ac6ac610056090418f0bb57c9b17"
"crossbario/autobahn-python","refs/tags/v0.7.0^{}","c25d21b856e272f8de5a36170ddeae39cbb0616b"
"crossbario/autobahn-python","refs/tags/v0.7.1","8ff753018e6f3cd80057f1b1f3d089f3b18a98bb"
"crossbario/autobahn-python","refs/tags/v0.7.1^{}","eec7204d80899de8c41ec1cf317978dd660cfd3f"
"crossbario/autobahn-python","refs/tags/v0.7.2","cafa81e11f669e0bee75191a975cf277f0639cf0"
"crossbario/autobahn-python","refs/tags/v0.7.2^{}","362619e1c5cd4752c22f2f7e78228cd5cb17cdb5"
"crossbario/autobahn-python","refs/tags/v0.7.3","07aea13cff8667c5ba92c10345b010037a4824d9"
"crossbario/autobahn-python","refs/tags/v0.7.3^{}","0d01d42ca2a88d9d33c381e6d44b87a487795fb6"
"crossbario/autobahn-python","refs/tags/v0.7.4","0eadfc71889d07cfd18eddcef1e3af1b4f922232"
"crossbario/autobahn-python","refs/tags/v0.7.4^{}","4470d77aa99324c716daeffd2deabd8255cbc3bd"
"crossbario/autobahn-python","refs/tags/v0.8.0","41724f293c7fca6b00d6c5142fdd4a58bca6fd53"
"crossbario/autobahn-python","refs/tags/v0.8.0^{}","1e470e4e1b33c36a152df1c9d6d0edd76d6e3d80"
"crossbario/autobahn-python","refs/tags/v0.8.1","e25898b9da141d6c6d02f7a1b46395d95baf8551"
"crossbario/autobahn-python","refs/tags/v0.8.1^{}","4e7122396ab2d36e23a00383a9b9f1245efb357a"
"crossbario/autobahn-python","refs/tags/v0.8.10","c201bbc897ec0a57031c1d4e063f9de5f692aa3d"
"crossbario/autobahn-python","refs/tags/v0.8.10^{}","6f0dbd74167f71517c5d7eefbacfe05a26fd6557"
"crossbario/autobahn-python","refs/tags/v0.8.11","4b4df869ae25980c8f0281288e50a69c92e1fc72"
"crossbario/autobahn-python","refs/tags/v0.8.11^{}","d5496b59e2ec51967f347c3faeda19d76be473c4"
"crossbario/autobahn-python","refs/tags/v0.8.12","d6573f19cf5891a2f58cff314f21ba7258b83b34"
"crossbario/autobahn-python","refs/tags/v0.8.12^{}","244dc897373085c766252002436f69a46cfdb290"
"crossbario/autobahn-python","refs/tags/v0.8.12-2","63bf9740005c7a938995d0c4e2bf2a59e87d2f80"
"crossbario/autobahn-python","refs/tags/v0.8.12-2^{}","889a903e3950429507e5aee8665dacfb96902d38"
"crossbario/autobahn-python","refs/tags/v0.8.13","2cda171b48bcdcdff2b685173ccd894121c99c18"
"crossbario/autobahn-python","refs/tags/v0.8.13^{}","90e7b5abea300ad8cdb61ce402c917fe7ea5b7a8"
"crossbario/autobahn-python","refs/tags/v0.8.14","73d8a2155d3488b68e7942f12820adc64456ba67"
"crossbario/autobahn-python","refs/tags/v0.8.14^{}","476e130aeb7eb40c6a54205b678bfc6f29e1bc4b"
"crossbario/autobahn-python","refs/tags/v0.8.15","c228f90f1fb4b89427fcdf25ea21c87c6ced59c4"
"crossbario/autobahn-python","refs/tags/v0.8.15^{}","7d519052ab42dc029598ab9e2dbdd7af8e08341f"
"crossbario/autobahn-python","refs/tags/v0.8.2","b4dd5e0fa83f5171bcb86a9af4b08f72430c9726"
"crossbario/autobahn-python","refs/tags/v0.8.2^{}","e89b4df6d4adc5d3db3929481b6de563669cb072"
"crossbario/autobahn-python","refs/tags/v0.8.3","7eed15e66c835a435363e9f0ab1ca8dee43f7af3"
"crossbario/autobahn-python","refs/tags/v0.8.3^{}","d4c7919fe1993ccec3fae9c87e24bf421a250910"
"crossbario/autobahn-python","refs/tags/v0.8.4","25d8ca679b2fe386cd80704529abbaa91850a401"
"crossbario/autobahn-python","refs/tags/v0.8.4^{}","b5c4bb125d643c4f02e18338a9cb61575d62e2d1"
"crossbario/autobahn-python","refs/tags/v0.8.5","07d38961de31cf526d51c839752fd77f89692d21"
"crossbario/autobahn-python","refs/tags/v0.8.5^{}","c52989d61699216995708fbee0708d4434275f9c"
"crossbario/autobahn-python","refs/tags/v0.8.6","96cbdf1eeda27c887bc9ac5ccd9f93c7c31d7265"
"crossbario/autobahn-python","refs/tags/v0.8.6^{}","5874a7548234d0d2406d3c78b4b1f6b9f9fca310"
"crossbario/autobahn-python","refs/tags/v0.8.7","e468bdf3b414a8ae56f9449c0eb116fff661accc"
"crossbario/autobahn-python","refs/tags/v0.8.7^{}","530bab04ae420db566a636b4f73e6cd2210b0c90"
"crossbario/autobahn-python","refs/tags/v0.8.8","5fcaf976331d2880aa0ac0a9c084e32ffe765d26"
"crossbario/autobahn-python","refs/tags/v0.8.8^{}","813ed1f271975809a9d6406d72c683087347c826"
"crossbario/autobahn-python","refs/tags/v0.8.9","447178aeb56fce0f53ffc8f54108cfa8d82d6f08"
"crossbario/autobahn-python","refs/tags/v0.8.9^{}","ea6645309060ccda2abea56446e755ca792bc69e"
"crossbario/autobahn-python","refs/tags/v0.9.0","5489a7c0ac413ca71745a6f959f244f7c9c6d19e"
"crossbario/autobahn-python","refs/tags/v0.9.0^{}","c37ba3955acb3b819cbc204e7fc11c8eceb5e2bf"
"crossbario/autobahn-python","refs/tags/v0.9.1","0026bed992cefac680316c4e815283eca2208bad"
"crossbario/autobahn-python","refs/tags/v0.9.1^{}","6eb793af42740f68bb8bad15b3d6e893d45ec501"
"crossbario/autobahn-python","refs/tags/v0.9.2","76bc03bd695ca771263fb445d2baad372f2519a5"
"crossbario/autobahn-python","refs/tags/v0.9.2^{}","d30b61721d9ade034275dfcbc681edd856247189"
"crossbario/autobahn-python","refs/tags/v0.9.3","05ce47122ae28dd9e9a49f1818440a67dc5de447"
"crossbario/autobahn-python","refs/tags/v0.9.3^{}","4c232080c5cdf0fce0855ac17f29846a90f79262"
"crossbario/autobahn-python","refs/tags/v0.9.3-2","0056ffcfd4ca2f7565c0fadf6acbe85d88d90fa5"
"crossbario/autobahn-python","refs/tags/v0.9.3-2^{}","99144e45932a122b3521095310fbd9b2df036ee9"
"crossbario/autobahn-python","refs/tags/v0.9.3-3","f47116cb201063750865a6b582993a3761afc2f3"
"crossbario/autobahn-python","refs/tags/v0.9.3-3^{}","ffc61ee1d64ed3496005aafa7e21390d314814ee"
"crossbario/autobahn-python","refs/tags/v0.9.4","0922547c7805921dee068ef086315b030eb0d1ae"
"crossbario/autobahn-python","refs/tags/v0.9.4^{}","ba6a2c3d79547893c65c70fb6037de187d48d1a8"
"crossbario/autobahn-python","refs/tags/v0.9.4-2","280972a72797c734f523bb21ed441139362d8548"
"crossbario/autobahn-python","refs/tags/v0.9.4-2^{}","d5f42e16809369f699fe49ab8c8b221d9012f094"
"crossbario/autobahn-python","refs/tags/v0.9.5","1f42c16df9c2d1ee43fc7084ea6f5d7f08d1a86d"
"crossbario/autobahn-python","refs/tags/v0.9.5^{}","929df2686f1fc73193e30af790ebde0e749becf9"
"crossbario/autobahn-python","refs/tags/v0.9.6","f04630bbdfbbe03421fd1e17451fdeb27b55154e"
"crossbario/autobahn-python","refs/tags/v0.9.6^{}","170c5ae689f2ec4f978bca4abb54dbd13339898a"
"crossbario/autobahn-python","refs/tags/v17.10.1","f84ffe5e307a87bcaac3423776e220aa0e2a39c5"
"crossbario/autobahn-python","refs/tags/v17.10.1^{}","cb60d329aaca3903d87e382e3a618366cd7ed419"
"crossbario/autobahn-python","refs/tags/v17.5.1","07cbd95be47a02e49136efe1754e84fd1afd49dc"
"crossbario/autobahn-python","refs/tags/v17.5.1^{}","73bcac2693c09206fd2812582141b2a605a2a7c8"
"crossbario/autobahn-python","refs/tags/v17.6.1","b56a97d34b9020b85cca7d0a57c667f8f7542c68"
"crossbario/autobahn-python","refs/tags/v17.6.1^{}","e69b3146fad69f29bf7aff455bf76b7eba1d3d6a"
"crossbario/autobahn-python","refs/tags/v17.6.2","d99036f671b4eae57e3dc22aca5435edfc0730f6"
"crossbario/autobahn-python","refs/tags/v17.6.2^{}","bc2a1b37f165f68622c017f61190411278eecbd0"
"crossbario/autobahn-python","refs/tags/v17.7.1","88e55b0da7ce455bf72be5c0777c303dcb362fe3"
"crossbario/autobahn-python","refs/tags/v17.7.1^{}","9ad7878e0ce2afcd3117aa5059365a74623eadfd"
"crossbario/autobahn-python","refs/tags/v17.8.1","ebd471b8fa551b85ff97bf4b4443026362fb18e0"
"crossbario/autobahn-python","refs/tags/v17.8.1^{}","96543dd13a305d207ed5afa386da95dd3e9ec081"
"crossbario/autobahn-python","refs/tags/v17.9.1","8ed994001076aa88bea0cf9415eb6d54a80fab98"
"crossbario/autobahn-python","refs/tags/v17.9.1^{}","b8130191237059a00e3df32405b53e751d4149dc"
"crossbario/autobahn-python","refs/tags/v17.9.2","1ebb30633ba19d6ea90d8d5f88d66fdaa7e00f04"
"crossbario/autobahn-python","refs/tags/v17.9.2^{}","164106acf8c2d30a6aa7d4cdd26346715ea3b833"
"crossbario/autobahn-python","refs/tags/v17.9.3","ae17e5d57011c95def9c3ddef1438905081ae3b6"
"crossbario/autobahn-python","refs/tags/v17.9.3^{}","d398c4dd7b446ab68c142e18a3bf722b8e96a372"
"crossbario/autobahn-python","refs/tags/v18.3.1","b266fb90fa3d9f37079cf3c7cfce5a9d9220381e"
"crossbario/autobahn-python","refs/tags/v18.3.1^{}","f20b5a45edc735eed8624ae88541c408063dbb2b"
"crossbario/autobahn-testsuite","HEAD","d22b93bc6a6204a24fc28a5d7f93509b3434f9e6"
"crossbario/autobahn-testsuite","refs/heads/master","d22b93bc6a6204a24fc28a5d7f93509b3434f9e6"
"crossbario/autobahn-testsuite","refs/remotes/origin/HEAD","d22b93bc6a6204a24fc28a5d7f93509b3434f9e6"
"crossbario/autobahn-testsuite","refs/remotes/origin/docs_on_github","9fc8127164eb674d4712ea1d0919bdd75a71afd8"
"crossbario/autobahn-testsuite","refs/remotes/origin/master","d22b93bc6a6204a24fc28a5d7f93509b3434f9e6"
"crossbario/autobahn-testsuite","refs/tags/v0.5.0","bd90f8e26f408b7e6c6736035b79e87465606708"
"crossbario/autobahn-testsuite","refs/tags/v0.5.0^{}","46ca06e528f33c45f0c71861819cb779865b88e9"
"crossbario/autobahn-testsuite","refs/tags/v0.5.1","4791f1892741a7fbd6c5a297bd3a8cf3055993f6"
"crossbario/autobahn-testsuite","refs/tags/v0.5.1^{}","405cba52031c17519fb4f01c449bba9a616f5522"
"crossbario/autobahn-testsuite","refs/tags/v0.5.2","4d32fbdd323410cb449e31926d6fb5061eadff3a"
"crossbario/autobahn-testsuite","refs/tags/v0.5.2^{}","804b5be1735ae9baa901e21284ec498efc3117b0"
"crossbario/autobahn-testsuite","refs/tags/v0.5.3","48790032e7f5a87a81805d0bbed73bb1c639abc6"
"crossbario/autobahn-testsuite","refs/tags/v0.5.3^{}","018a68c94e999c5ef136c8e74feaea775f07708d"
"crossbario/autobahn-testsuite","refs/tags/v0.5.4","e9eaa12c7e4574fe4341cbb3dcb23ab9810800be"
"crossbario/autobahn-testsuite","refs/tags/v0.5.4^{}","858214a2c748abae12ed64a276cd93e78a14ad10"
"crossbario/autobahn-testsuite","refs/tags/v0.5.5","0b703b971044664f1078f69c8fd2d4d7829f06b3"
"crossbario/autobahn-testsuite","refs/tags/v0.5.5^{}","13eb4de887c3dff481b7f2b8d0087773f042cee2"
"crossbario/autobahn-testsuite","refs/tags/v0.5.6","d01c32553bbfcfe39b7c9a3f46bdc767646f3003"
"crossbario/autobahn-testsuite","refs/tags/v0.5.6^{}","0e5df23163097a439462c5bfd448fbee7070d874"
"crossbario/autobahn-testsuite","refs/tags/v0.5.7","9a07deb4f00a43ddfbe4bb2e6fea8fdc1cfa0be5"
"crossbario/autobahn-testsuite","refs/tags/v0.5.7^{}","94c181b35b649c74ef7fb8c29030c38980f19d80"
"crossbario/autobahn-testsuite","refs/tags/v0.6.0","905f637b6debdb186ff0eea4c98bc948ad665369"
"crossbario/autobahn-testsuite","refs/tags/v0.6.0^{}","f9b5062c869e0b015e84b508a608f5d9a8d8d18e"
"crossbario/autobahn-testsuite","refs/tags/v0.6.1","513f66c480dedd0204d99e478cce37e7f96df9bf"
"crossbario/autobahn-testsuite","refs/tags/v0.6.1^{}","09811ffac161f7266237ddde27a928a75643a4ce"
"crossbario/autobahn-testsuite","refs/tags/v0.6.2","5bbb2555ce1ddafb505c33fe80e98fd94e3908e1"
"crossbario/autobahn-testsuite","refs/tags/v0.6.2^{}","1edc796f71c2a881a8a636e3ab28c4c535cec1ff"
"crossbario/autobahn-testsuite","refs/tags/v0.6.3","d29a79a9eb3840a9da261f2b0bfd3690f5ea5aea"
"crossbario/autobahn-testsuite","refs/tags/v0.6.3^{}","3d5508d75e259429a133d06ae03763b11595fbed"
"crossbario/autobahn-testsuite","refs/tags/v0.7.0","1101c6e0bbb65b96a5521725366454351928bbf2"
"crossbario/autobahn-testsuite","refs/tags/v0.7.0^{}","833a7445b85eecbb5e7eee9fc2d73047e27e9b83"
"crossbario/autobahn-testsuite","refs/tags/v0.7.1","4c9a08f8f880b60b3711f3550b7720bea45b9748"
"crossbario/autobahn-testsuite","refs/tags/v0.7.1^{}","9956fe172f1074b85c67f8e895e2434e854207d1"
"crossbario/autobahn-testsuite","refs/tags/v0.7.2","99376fc31c8896c026bdd88855f3f43ea46a0a70"
"crossbario/autobahn-testsuite","refs/tags/v0.7.2^{}","d2eaf11e873b6542f0c2ee29023159d36f573dfb"
"crossbario/autobahn-testsuite","refs/tags/v0.7.3","a0778b56d1f82dc91237ef2f1f52a36d260f4e3b"
"crossbario/autobahn-testsuite","refs/tags/v0.7.3^{}","6f8386dc625b66f937384c85ffb3b7ba259d008c"
"crossbario/autobahn-testsuite","refs/tags/v0.7.5","9d080830c73ae17846fc2bde32bb444b6465d0ec"
"crossbario/autobahn-testsuite","refs/tags/v0.7.5^{}","28aa4f8da476c4d2bdbb9460d01634bfbdf009e5"
"crossbario/autobahn-testsuite","refs/tags/v0.7.6","ec49d5fe67c8f2ff0d2185d2a56d0e2768aa1bf4"
"crossbario/autobahn-testsuite","refs/tags/v0.7.6^{}","f0c83a3d6ad157417b7d56091796d8c8798be9c0"
"crossbario/autobahn-www","HEAD","2881159e96608b0ce86718cb1fefe43a7368f087"
"crossbario/autobahn-www","refs/heads/master","2881159e96608b0ce86718cb1fefe43a7368f087"
"crossbario/autobahn-www","refs/remotes/origin/HEAD","2881159e96608b0ce86718cb1fefe43a7368f087"
"crossbario/autobahn-www","refs/remotes/origin/master","2881159e96608b0ce86718cb1fefe43a7368f087"
"crossbario/autobahn-www","refs/remotes/origin/widgettest","139d2ae001fcf0e9c678b3738c8b12371e44843a"
"crossbario/autobahn-www","refs/tags/before_cleanup","5288549fa916a121b0f48ea7f0ce24a737895d59"
"crossbario/autobahn-www","refs/tags/before_cleanup^{}","b07d05e091a972bad5b6010e51f33cf950fd49da"
"crossbario/crossbar","HEAD","2f29c739659f4efffdf72fee24d843581f4e64a8"
"crossbario/crossbar","refs/heads/master","f97946d9801f2e12b6a35b94afb74220828925a8"
"crossbario/crossbar","refs/remotes/meejah/add-changelog","349c601a92e82145a6f5ddbd601aa31ad3887ee9"
"crossbario/crossbar","refs/remotes/meejah/authextra-ticket","58132829753bf0e0c292897a5bbc17ffbcd72b0e"
"crossbario/crossbar","refs/remotes/meejah/batched_trace_edgecase.1","af9b7788d40e4a7fcea238f9bb1f36e0b64a194c"
"crossbario/crossbar","refs/remotes/meejah/cdc-client-tls","de3e2479aac469bffae4c4942b86f9b292d7e312"
"crossbario/crossbar","refs/remotes/meejah/component-stop-event","e90b72f3d03d3b9834a112014bbb39c4d79432cd"
"crossbario/crossbar","refs/remotes/meejah/component-stop-event-rebase2","c4b1aa7658de45229f9dfdee2b9d742eda192e3b"
"crossbario/crossbar","refs/remotes/meejah/failure-logging-audit","f85b9d0084c2adba164b373d44e1cb7b52b24b1c"
"crossbario/crossbar","refs/remotes/meejah/issue128-client-tls-config","cee1976cac216e37318436d1162c7e8390158bd2"
"crossbario/crossbar","refs/remotes/meejah/issue327","5eb58c2851caa3e2abcc2d47735588937e5bb995"
"crossbario/crossbar","refs/remotes/meejah/issue370-docs","ccf54d707738ae2e192e278592ed931484c43081"
"crossbario/crossbar","refs/remotes/meejah/issue412","294e93dea17a770fa69693fbcfb1f446140d5073"
"crossbario/crossbar","refs/remotes/meejah/issue417-auto-realms","8e8189a3b22f26e620ea4d72727981cd52a28721"
"crossbario/crossbar","refs/remotes/meejah/issue473-improve-subscribe-error-logging","77512048feca6afdad67c34326fe619cdf091562"
"crossbario/crossbar","refs/remotes/meejah/issue500-webhook-config","9a4d770b9159f6439c90bbc050070a95447292ad"
"crossbario/crossbar","refs/remotes/meejah/issue798-fix-from-slav0nic","9140ec4d76a76fd182640b6ad4305a66edb6d538"
"crossbario/crossbar","refs/remotes/meejah/issue898-bridge-logging","61c69db45c5a9cb51d7bdaeb56e66d30a313633b"
"crossbario/crossbar","refs/remotes/meejah/keygen","af5d21fa0026728dafd2a7bfc106ecfced8f310f"
"crossbario/crossbar","refs/remotes/meejah/master","05285927e85e800357fcc0ebd03ac63011185bcb"
"crossbario/crossbar","refs/remotes/meejah/memory-usage","e5f2e2d8270768d3ff076eae7158685b8fcf14ac"
"crossbario/crossbar","refs/remotes/meejah/mqtt-fixups","0854bf1c028b9c1ca79951dca5b7d8ea6f63990a"
"crossbario/crossbar","refs/remotes/meejah/newapi-functional-component","75a98bcc78cb16bf501cdd9c5595ecb61c13f595"
"crossbario/crossbar","refs/remotes/meejah/outstanding-invoke-tracking","4b39681485f6b1ee7fd0985012fecd8abe6b5879"
"crossbario/crossbar","refs/remotes/meejah/profiling-options","e9847f83d2a2620667a64f97224345f8cce5454d"
"crossbario/crossbar","refs/remotes/meejah/proper_unregister","876ee0aec367115e14ddee93bd7d56940db8cae9"
"crossbario/crossbar","refs/remotes/meejah/pypy-deps","df9f94ba935ed511aa62cacff5d17053110ba64c"
"crossbario/crossbar","refs/remotes/meejah/refactor-workers","b8ab31e53c828a91eaddf9e4efe7a3f7c1437c00"
"crossbario/crossbar","refs/remotes/meejah/ticket1048-creator","899863f738da67e0220d7e44079a63fde58c8ba4"
"crossbario/crossbar","refs/remotes/meejah/ticket1075-revoke-subscription-force-reregister","8551394355f7c6c9a92d73faf7fb79df2a5f0bd2"
"crossbario/crossbar","refs/remotes/meejah/ticket944-meta-events","5e76f9b0c76fb47811d12d09c00fa7d7317154eb"
"crossbario/crossbar","refs/remotes/meejah/ticket967-shutdown-docs","ff06ab04b32fbc76efee2662c496e6915a4ec226"
"crossbario/crossbar","refs/remotes/meejah/ticket974-web-timeout","7cd2bf329b38433111d17d7ea1b578cf9e24c0c7"
"crossbario/crossbar","refs/remotes/meejah/ticket981-followup","2149fdc0cbeeda96df1b47d6f8bde1137707598f"
"crossbario/crossbar","refs/remotes/meejah/tor-support","1c83e8a4a1147ee731d7eb7fda9008c77ff8a1b1"
"crossbario/crossbar","refs/remotes/meejah/unicode-dict-keys","c93a6cea1ec0ce32a2064cc72dff363940c2e602"
"crossbario/crossbar","refs/remotes/meejah/use-txaio","cd5dda0dc9acb27d1016022c9c2b83e5b1671482"
"crossbario/crossbar","refs/remotes/meejah/wamp-scram-prototype","9521635e0061372e03164b79fa7d5fae33cd2653"
"crossbario/crossbar","refs/remotes/meejah/worker_stopping","c50814729751c0cfa7199f6e324f88cd13e1cfe6"
"crossbario/crossbar","refs/remotes/meejah/write-coverage","1a82814ad572c3fb35b45c1e4a119b11b4a78002"
"crossbario/crossbar","refs/remotes/origin/HEAD","f97946d9801f2e12b6a35b94afb74220828925a8"
"crossbario/crossbar","refs/remotes/origin/add_trace_levels","c88752db97be843bb0e64808f7646c4b2009f999"
"crossbario/crossbar","refs/remotes/origin/builtin_test_components","e15130f32307227bf4d0acf8e120e2c7f00018b9"
"crossbario/crossbar","refs/remotes/origin/cfc7","849b5a2e899decb270bb7e45205ba01300623a0f"
"crossbario/crossbar","refs/remotes/origin/fix_1179","f2fe0425132ed1b14a6230f48b3e7daf01ff6c50"
"crossbario/crossbar","refs/remotes/origin/fix_coverage","ffd3dd13831281924c94207e4074412ff153d9a1"
"crossbario/crossbar","refs/remotes/origin/fix_glitches","df74a742bd8af24489171678e30b719b7e72418a"
"crossbario/crossbar","refs/remotes/origin/fix_more_glitches","5155b89e593e7b4689a638da5e45107091cecbf8"
"crossbario/crossbar","refs/remotes/origin/fix_some_glitches","c7e3a30ce9dfc11cfd3ea451c4d20fd1a1504809"
"crossbario/crossbar","refs/remotes/origin/forward_meta_events","5795d09d1d54603add56430292fd5bd013eb867d"
"crossbario/crossbar","refs/remotes/origin/issue_1078","a4a91089f428b6e1579d70a9ca0db1dd2f95b478"
"crossbario/crossbar","refs/remotes/origin/master","f97946d9801f2e12b6a35b94afb74220828925a8"
"crossbario/crossbar","refs/remotes/origin/new_plugin","3cd7b47362e92985e2658a6084cfeed35cdf81f5"
"crossbario/crossbar","refs/remotes/origin/new_plugin2","3924e225d2d0c46a794202182fce14c5dde1f444"
"crossbario/crossbar","refs/remotes/origin/rel_1791","44b88912447fb25b1fd442ad78e149b231b72db7"
"crossbario/crossbar","refs/remotes/origin/rel_1793","10680a7fc850b552b717897f637ad6308fb70105"
"crossbario/crossbar","refs/remotes/origin/rel_17_10_1","d188bc0b97410a0ad583cdd00b997c6503ff8d8e"
"crossbario/crossbar","refs/remotes/origin/rel_18_3","2c3165110cf12b915c3374b4620a18b7e0a15d9f"
"crossbario/crossbar","refs/remotes/origin/update_abjs","c4b938ae9aceb9a656f056a72ced22a2879fee74"
"crossbario/crossbar","refs/remotes/origin/ws_revproxy","98943610e91da17e4a70330db2ce68b7c0bc48e1"
"crossbario/crossbar","refs/remotes/upstream/master","f97946d9801f2e12b6a35b94afb74220828925a8"
"crossbario/crossbar","refs/tags/v0.10.2","a5ff26f7cbf3325fde9bbf312a5bde74028373ea"
"crossbario/crossbar","refs/tags/v0.10.2^{}","88ab39a7b513a48e977baa4234a4d25926876aec"
"crossbario/crossbar","refs/tags/v0.10.3","31618a573c68d19842704044d1bd389cc3445c47"
"crossbario/crossbar","refs/tags/v0.10.3^{}","93a6a0aa82eebc75727ec3aa519674c8555e78ae"
"crossbario/crossbar","refs/tags/v0.10.4","09905a23c613e0110800200039404268a9e85887"
"crossbario/crossbar","refs/tags/v0.10.4^{}","07f33b4e57ad3821ae4706e32b37f3c159ae4355"
"crossbario/crossbar","refs/tags/v0.11.0","549755ea41f77b4916d5737ccb2dc5edd5627925"
"crossbario/crossbar","refs/tags/v0.11.0^{}","f45c1433e4aaf370ed5f85b251203c3c52b8c8aa"
"crossbario/crossbar","refs/tags/v0.11.1","04c3b07689c1ea948e9ee8c5b7a289202a40707e"
"crossbario/crossbar","refs/tags/v0.11.1^{}","6c964258cda1706db2ff8c6d7bd5f856c877f9ee"
"crossbario/crossbar","refs/tags/v0.11.2","cd33709f6a07368497323af7bb1c3f4c9944c174"
"crossbario/crossbar","refs/tags/v0.11.2^{}","b4e89749eeb4b3d6328dc70dc3d33dd8411132b8"
"crossbario/crossbar","refs/tags/v0.12.0","2f9835f41978ce787c96cb572f4d601e1876e40b"
"crossbario/crossbar","refs/tags/v0.12.0^{}","7b8d096eb7d44267a6c49fc9477e546cfd3c1303"
"crossbario/crossbar","refs/tags/v0.12.1","97a95654af7bdab65fee4c221fa67fe226b29ea4"
"crossbario/crossbar","refs/tags/v0.13.0","72b0597737fe20596406628f4aea167f22097f00"
"crossbario/crossbar","refs/tags/v0.13.0^{}","7f59b4dab32eb668a5df2ad2bef138280a49f701"
"crossbario/crossbar","refs/tags/v0.13.1","d9a22c544d49de34bcd72565b73615a678e87cb4"
"crossbario/crossbar","refs/tags/v0.13.1^{}","db84dcbb9122f582af0161969188d658ea3e024f"
"crossbario/crossbar","refs/tags/v0.13.2","ff59a33d63f073450e3250ff67491804b549f6f5"
"crossbario/crossbar","refs/tags/v0.13.2^{}","38821192f2eea219a6e73b8337cf54c8c2aeeb17"
"crossbario/crossbar","refs/tags/v0.14.0","2190dea331433836cfe8cb1365ba4fe4caf906c3"
"crossbario/crossbar","refs/tags/v0.14.0^{}","f8277a1dce1119ec28f1ace0202e0bc275ffcf31"
"crossbario/crossbar","refs/tags/v0.15.0","0b61b98acfbf06cdaa16f0322f529979347c7bfd"
"crossbario/crossbar","refs/tags/v0.15.0^{}","72865dc3beef84ec5c489231ebc226790c257038"
"crossbario/crossbar","refs/tags/v0.8.2","16b639604aabbf3c00b5d1dc7502b0ad731530da"
"crossbario/crossbar","refs/tags/v0.8.2^{}","64d8474cecac587e46804beb6131b4967040f4da"
"crossbario/crossbar","refs/tags/v0.8.3","9e63a3253f31763ecebe702ca73a1b5295b0b4ce"
"crossbario/crossbar","refs/tags/v0.8.3^{}","cb671d4356e56ac03b852b06a6d4209af08a5e83"
"crossbario/crossbar","refs/tags/v0.9.0","797ac10fccb6117a307f90b171d89ad5ced4f39c"
"crossbario/crossbar","refs/tags/v0.9.0-6","205a65bde05db415768bf2a047c9cc85a86b45aa"
"crossbario/crossbar","refs/tags/v0.9.0-6^{}","0e7a1ca7976ec49ddb2eb3e94480277d311677c6"
"crossbario/crossbar","refs/tags/v0.9.1","1b2b996f439688f3bcf0a060c66d793e2edd4116"
"crossbario/crossbar","refs/tags/v0.9.1^{}","1e987ff6e60536534d29d2c1e85ad4739bbbf3ee"
"crossbario/crossbar","refs/tags/v0.9.10","1c9f731b4114ca3806169c6b9ba853c589b8aa3a"
"crossbario/crossbar","refs/tags/v0.9.10^{}","219c9e74f745b6b2eb374132e6755fc1dfef6ac5"
"crossbario/crossbar","refs/tags/v0.9.11","6a4145e3c913a2aa9f3fecfe273fefb0adcb73d2"
"crossbario/crossbar","refs/tags/v0.9.11^{}","e2b4a4638789ce4d46ef1eea47c6846af371962e"
"crossbario/crossbar","refs/tags/v0.9.12","a7ef7877aece0dcf5d0e4ab375dd336ec6176750"
"crossbario/crossbar","refs/tags/v0.9.12^{}","67cc5d3712baa101666deb4dfd0886f842d304a3"
"crossbario/crossbar","refs/tags/v0.9.12-2","a3e7f4e5586c849cba1220c8efc9726d46c931d9"
"crossbario/crossbar","refs/tags/v0.9.12-2^{}","497e93991c6510878a49ae772bfede999101639b"
"crossbario/crossbar","refs/tags/v0.9.2","64fbc066ec6c3353e8a84506bb4db7e9e801f26d"
"crossbario/crossbar","refs/tags/v0.9.2^{}","c45ad923679ac98caea7e7d43d37ecb8e008277e"
"crossbario/crossbar","refs/tags/v0.9.3","b5389504b7a66d39835c1c2db0556a50cad6bc04"
"crossbario/crossbar","refs/tags/v0.9.3^{}","ffcc9e7199ac77fa4d034e9877598ed3385040ec"
"crossbario/crossbar","refs/tags/v0.9.4","34a76d0e6fa17ac87049678d8264edcc08535950"
"crossbario/crossbar","refs/tags/v0.9.4^{}","404d3953f99a5afba9a02792dccabb1e1e769e30"
"crossbario/crossbar","refs/tags/v0.9.4-2","702915ff4f6bae193d190693d83456514bd889e5"
"crossbario/crossbar","refs/tags/v0.9.4-2^{}","6a977c6b055d25caa74283dcdb90d3aa5547b7d7"
"crossbario/crossbar","refs/tags/v0.9.4-3","8646e8ae0e3f13b4a08ce74c2896d926a3197d05"
"crossbario/crossbar","refs/tags/v0.9.4-3^{}","f7060b65464b24bb16a8cf4704c68fa1348d655c"
"crossbario/crossbar","refs/tags/v0.9.5","ce7cd06dd52f992a22525084a85b942fe480556d"
"crossbario/crossbar","refs/tags/v0.9.5^{}","d19e7b837ef75afcd5d9c525cefd9c6c661b0944"
"crossbario/crossbar","refs/tags/v0.9.6","b875e291a6299764b82aac79bcffac328d02a06b"
"crossbario/crossbar","refs/tags/v0.9.6^{}","e18027e0348b45bf9a76491dc89975c3dc7475a7"
"crossbario/crossbar","refs/tags/v0.9.6-2","62a2ac4b5a53c44789b2b3a987642b3b16c2ac04"
"crossbario/crossbar","refs/tags/v0.9.6-2^{}","742caa559e4d99b02a51f91ae4a03b371233b4b5"
"crossbario/crossbar","refs/tags/v0.9.7","702b534a833d27c3fdcf02fbe62b3ce3c48e2c04"
"crossbario/crossbar","refs/tags/v0.9.7^{}","7f1ffe4f5a3fd4195a19c60041d5580e6283fafa"
"crossbario/crossbar","refs/tags/v0.9.7-2","486fb980c14696c7f57957e459ae56fff0311165"
"crossbario/crossbar","refs/tags/v0.9.7-2^{}","c0da16b2e50a5e344acb3f1baf823bb04959d023"
"crossbario/crossbar","refs/tags/v0.9.7-3","72fef624e4246e7c4654ed822f2040a77d7a9fec"
"crossbario/crossbar","refs/tags/v0.9.7-3^{}","a9fed7b529f6566214c7224bb203f2201378074e"
"crossbario/crossbar","refs/tags/v0.9.7-4","bb1fe4594302bb354f60fb515140166420b71cf2"
"crossbario/crossbar","refs/tags/v0.9.7-4^{}","0a243b3450116e3a029642586198d40311394aa1"
"crossbario/crossbar","refs/tags/v0.9.7-5","97ec00f9580ef6bd82d3c7e119bfc2ee7c625c13"
"crossbario/crossbar","refs/tags/v0.9.7-5^{}","3a06b16e9be436c58515c24654bc5e93a6fa3122"
"crossbario/crossbar","refs/tags/v0.9.7-6","1482a78e6c25cc81bec70dc319132f3f0d7fd07e"
"crossbario/crossbar","refs/tags/v0.9.7-6^{}","985c2aaf7e39c428e705f89401038f8651dcce11"
"crossbario/crossbar","refs/tags/v0.9.8","0d5b2862653dbed8fd19d219e0ae15f73c25355c"
"crossbario/crossbar","refs/tags/v0.9.8^{}","fa7f9f73e4b3fdff12f15226b50d8ed7f5ae2d22"
"crossbario/crossbar","refs/tags/v0.9.8-2","b9533b38cc40cd3da829435382d426d8f2fe0a25"
"crossbario/crossbar","refs/tags/v0.9.8-2^{}","6184c408c17e53a3e481e250e09a893e43fd317f"
"crossbario/crossbar","refs/tags/v0.9.8-3","5e845c5bfa8f8f1a4197dc323dabf9da9eebd087"
"crossbario/crossbar","refs/tags/v0.9.8-3^{}","5eb4e492d482edc46d13c8c9ae975690f1c6216b"
"crossbario/crossbar","refs/tags/v0.9.8-5","f62f59654d0a9668ff46bbe8bdd9c22952aa0083"
"crossbario/crossbar","refs/tags/v0.9.8-5^{}","44ccce46aa460de471630861ab576e7203fabf13"
"crossbario/crossbar","refs/tags/v0.9.9","5a9269e562154925bcd7f4a847d16c7c14876891"
"crossbario/crossbar","refs/tags/v0.9.9^{}","0412945bbe296bb2d10275248e0e6755fcf2bdf2"
"crossbario/crossbar","refs/tags/v16.10.1","e1132ea377dfbfccc6450e5adecb61cf34c5c440"
"crossbario/crossbar","refs/tags/v16.10.1^{}","2d6454c0a8ec2bbf5654a4d897b3eab773eae763"
"crossbario/crossbar","refs/tags/v17.10.1","e122a6a332adf8257993daf5ff6258c424ef8799"
"crossbario/crossbar","refs/tags/v17.10.1^{}","d73e0d1e8bf4f5a7523f294fbbd57118f2a19c83"
"crossbario/crossbar","refs/tags/v17.11.1","57195e6d545b986cef2216ac251aa6fa612a7a3e"
"crossbario/crossbar","refs/tags/v17.11.1^{}","343c8048d2a4c1a64b81ee20d2dee2e6bbe39585"
"crossbario/crossbar","refs/tags/v17.12.1","1e738e8dbcc4ea409e341ff072aee04ccf69d469"
"crossbario/crossbar","refs/tags/v17.12.1^{}","1d391b7b3536efdacbb8cd242a5c6dc35a21097e"
"crossbario/crossbar","refs/tags/v17.2.1","6d3b4fd9a02242864af402979986861de974dba4"
"crossbario/crossbar","refs/tags/v17.2.1^{}","64accf411ff863ddd4fad40b3103f2ab130007a6"
"crossbario/crossbar","refs/tags/v17.3.1","ce37e281fc9e4ade8c610bcd02148a973bfa0795"
"crossbario/crossbar","refs/tags/v17.3.1^{}","757dfab599b968da5c0a0eb3bae22858bbe0fab2"
"crossbario/crossbar","refs/tags/v17.5.1","5878d7a30d71fd296693ba530e677770271c7c7a"
"crossbario/crossbar","refs/tags/v17.5.1^{}","10d8f1f8506eca5afe7408492c84a40075266178"
"crossbario/crossbar","refs/tags/v17.6.1","b8a964e0ce744503145b51f62e9f22e771b82495"
"crossbario/crossbar","refs/tags/v17.6.1^{}","acb304a2213198c17fa1517bb8ac581f325facb1"
"crossbario/crossbar","refs/tags/v17.8.1","4bed1df10de825c7c8a59b3a0e5130b11d06970e"
"crossbario/crossbar","refs/tags/v17.8.1^{}","26345838fc53a542659cd92b68f6c4cb233cbbde"
"crossbario/crossbar","refs/tags/v17.9.1","e7016ea7490d6a267fb4e2d79411e547892ad297"
"crossbario/crossbar","refs/tags/v17.9.1^{}","2f1f0ae8d8bcd6f56d78e4291a1b2e0bbeedc298"
"crossbario/crossbar","refs/tags/v17.9.2","3167eb380662ccdef3f8def15962d70b6d363727"
"crossbario/crossbar","refs/tags/v17.9.2^{}","d8ab520e51eac14bdc78a57670a5bb784bf8800b"
"crossbario/crossbar","refs/tags/v18.3.1","b4ab2a4ab41239bc7c196b523f2a22e52e059497"
"crossbario/crossbar","refs/tags/v18.3.1^{}","2f29c739659f4efffdf72fee24d843581f4e64a8"
"crossbario/crossbar-cloud","HEAD","49f5853372ed389ffdd2e7beb8c9b410fd8f4243"
"crossbario/crossbar-cloud","refs/heads/master","49f5853372ed389ffdd2e7beb8c9b410fd8f4243"
"crossbario/crossbar-cloud","refs/remotes/origin/HEAD","49f5853372ed389ffdd2e7beb8c9b410fd8f4243"
"crossbario/crossbar-cloud","refs/remotes/origin/master","49f5853372ed389ffdd2e7beb8c9b410fd8f4243"
"crossbario/crossbar-cloud","refs/remotes/origin/model_separation","9bfd29eb5c6c9cc2c4752f560c93379addc589d7"
"crossbario/crossbar-cloud","refs/remotes/origin/polymer_trial","1923b27074e32d757a4ba2a073870da36ad8f8cf"
"crossbario/crossbar-docker","HEAD","7a460cbc75356a0535f1ada13ea3272a7e7bb174"
"crossbario/crossbar-docker","refs/heads/master","7a460cbc75356a0535f1ada13ea3272a7e7bb174"
"crossbario/crossbar-docker","refs/remotes/origin/HEAD","7a460cbc75356a0535f1ada13ea3272a7e7bb174"
"crossbario/crossbar-docker","refs/remotes/origin/master","7a460cbc75356a0535f1ada13ea3272a7e7bb174"
"crossbario/crossbar-docker","refs/remotes/origin/raspi","0cd450a38bdaddfe9ac551a6a1117decfa0c6bc2"
"crossbario/crossbar-examples","HEAD","10a2f456bfe8fc64e3088778a75cc54d20416a3d"
"crossbario/crossbar-examples","refs/heads/master","10a2f456bfe8fc64e3088778a75cc54d20416a3d"
"crossbario/crossbar-examples","refs/remotes/origin/HEAD","10a2f456bfe8fc64e3088778a75cc54d20416a3d"
"crossbario/crossbar-examples","refs/remotes/origin/colotherm","040cf570926ad705960ace1493442a15617e118d"
"crossbario/crossbar-examples","refs/remotes/origin/iot_cookbook","3581b75f564cc0dff27007ed44171d82dbde0779"
"crossbario/crossbar-examples","refs/remotes/origin/master","10a2f456bfe8fc64e3088778a75cc54d20416a3d"
"crossbario/crossbar-examples","refs/remotes/origin/outletSwitch","66fbb32d17adfa7f26393679c72b5b1081e1e529"
"crossbario/crossbar-examples","refs/remotes/origin/salesman","8abdccace6e2ccef5c94a6bedfefcbf06106136a"
"crossbario/crossbar-examples","refs/remotes/origin/weiging_pag","9e2685dd9a71d937440707b482bc37857d86e444"
"crossbario/crossbar-fabric","HEAD","855abdfe27cd3f5260faf73c9073012163c1062a"
"crossbario/crossbar-fabric","refs/heads/docker-manager","817c7041da67bb5a473740f7404112de607ca34b"
"crossbario/crossbar-fabric","refs/heads/master","855abdfe27cd3f5260faf73c9073012163c1062a"
"crossbario/crossbar-fabric","refs/heads/new_plugin","b0e64155cf840ca4dd06158d886dfb96a75afafb"
"crossbario/crossbar-fabric","refs/remotes/om26er/docker-management","3d4d9e633ec947780058f599662f9a068197a8f2"
"crossbario/crossbar-fabric","refs/remotes/om26er/docker-manager","01448e547badbf6c9c91662091286085ea51b65b"
"crossbario/crossbar-fabric","refs/remotes/om26er/fix-docker","9377113401cbe319cf13d50baa3ffcf98348c7ee"
"crossbario/crossbar-fabric","refs/remotes/om26er/host-agent","973b528b6daf4e66028fa08a4719aaf6d44c138b"
"crossbario/crossbar-fabric","refs/remotes/om26er/master","fd8f18865b79c036a2999ba10b098f175da8913c"
"crossbario/crossbar-fabric","refs/remotes/om26er/wamp-idl","776eaabeda4aba205c950257cb224113d751e63c"
"crossbario/crossbar-fabric","refs/remotes/om26er/wamp-proxy-worker","cca4019d2fe2433151c8ed0a92a4ee55e214b7ae"
"crossbario/crossbar-fabric","refs/remotes/origin/docker-manager","01448e547badbf6c9c91662091286085ea51b65b"
"crossbario/crossbar-fabric","refs/remotes/origin/master","855abdfe27cd3f5260faf73c9073012163c1062a"
"crossbario/crossbar-fabric","refs/remotes/origin/new_plugin","b0e64155cf840ca4dd06158d886dfb96a75afafb"
"crossbario/crossbar-fabric","refs/remotes/origin/wamp-proxy-worker","cca4019d2fe2433151c8ed0a92a4ee55e214b7ae"
"crossbario/crossbar-fabric","refs/tags/v17.11.1","0181e33fdeed33194ea1fb30c92762e8b30db70e"
"crossbario/crossbar-fabric","refs/tags/v17.11.1^{}","8cf939fe7cd697e98bb058ac976f6148b083e432"
"crossbario/crossbar-fabric","refs/tags/v17.12.1","179e4a7ffa32c30e8ddbf9238d1a7141c70f9ca3"
"crossbario/crossbar-fabric","refs/tags/v17.12.1^{}","bc975baaa93662365896b7270d1264582c8bf315"
"crossbario/crossbar-fabric","refs/tags/v17.9.1","2e9635068800080ec3fa64705a391480a5adbbfa"
"crossbario/crossbar-fabric","refs/tags/v17.9.1^{}","75181f53a15423ad7c27ca365248ce1bc9b2faeb"
"crossbario/crossbar-fabric-center","HEAD","532877dd7a3951bdde3f8dc4ef45d1c01ab135d6"
"crossbario/crossbar-fabric-center","refs/heads/master","532877dd7a3951bdde3f8dc4ef45d1c01ab135d6"
"crossbario/crossbar-fabric-center","refs/remotes/origin/HEAD","532877dd7a3951bdde3f8dc4ef45d1c01ab135d6"
"crossbario/crossbar-fabric-center","refs/remotes/origin/basic_monitoring","59dd0b85f98c11802421274555874beea93086b2"
"crossbario/crossbar-fabric-center","refs/remotes/origin/master","532877dd7a3951bdde3f8dc4ef45d1c01ab135d6"
"crossbario/crossbar-fabric-center","refs/tags/before_big_cleanup","29c335cac992f31eaa0f34890692e2b7c30ef65c"
"crossbario/crossbar-fabric-center","refs/tags/before_big_cleanup^{}","02ced5c7726ef9d89f5aff052294d391c139597d"
"crossbario/crossbar-fabric-center","refs/tags/v17.11.1","5a5e7d6a720c607081542e0cca58cbc6cc768c5e"
"crossbario/crossbar-fabric-center","refs/tags/v17.11.1^{}","19e31e87118d2234c284d2081231c508e46b3075"
"crossbario/crossbar-fabric-center","refs/tags/v17.12.1","89819fca62982ef852466f8b7b3cbfcd5444c096"
"crossbario/crossbar-fabric-center","refs/tags/v17.12.1^{}","000f603b0af54a7279aca7f965d8507db1998210"
"crossbario/crossbar-fabric-center","refs/tags/v17.9.1","de77e730b2ca36c3d7a11df20f5008b5d0f1ac0c"
"crossbario/crossbar-fabric-center","refs/tags/v17.9.1^{}","b89c97b9dfc5a9162aca67341d38c941e5b0e68b"
"crossbario/crossbar-fabric-center-web","HEAD","e28f3c7c84ff59b4082f913cc371cd4e6e5e48a0"
"crossbario/crossbar-fabric-center-web","refs/heads/master","e28f3c7c84ff59b4082f913cc371cd4e6e5e48a0"
"crossbario/crossbar-fabric-center-web","refs/remotes/origin/HEAD","e28f3c7c84ff59b4082f913cc371cd4e6e5e48a0"
"crossbario/crossbar-fabric-center-web","refs/remotes/origin/master","e28f3c7c84ff59b4082f913cc371cd4e6e5e48a0"
"crossbario/crossbar-fabric-hangouts","HEAD","ce32ba5fa5b3dfbe5570b3737231a57f1d56e140"
"crossbario/crossbar-fabric-hangouts","refs/heads/master","ce32ba5fa5b3dfbe5570b3737231a57f1d56e140"
"crossbario/crossbar-fabric-hangouts","refs/remotes/origin/HEAD","ce32ba5fa5b3dfbe5570b3737231a57f1d56e140"
"crossbario/crossbar-fabric-hangouts","refs/remotes/origin/caching","92934714cc8b6300a8f0b093425b0b75fc79df06"
"crossbario/crossbar-fabric-hangouts","refs/remotes/origin/cordova","10f0d469359775c5f9ed2c5a26610715d1b2ac87"
"crossbario/crossbar-fabric-hangouts","refs/remotes/origin/master","ce32ba5fa5b3dfbe5570b3737231a57f1d56e140"
"crossbario/crossbar-fabric-hangouts","refs/tags/0.1.5","cf779e17cf6854743944f611561878f6efc5c019"
"crossbario/crossbar-fabric-hangouts","refs/tags/0.1.5^{}","13bdb0aa33dc705e6ea0cc16a4311f12b135b9d3"
"crossbario/crossbar-fabric-hangouts","refs/tags/0.1.6","5c7a958b8ababada6c4abfdb9ebee0cebf589da3"
"crossbario/crossbar-fabric-hangouts","refs/tags/0.1.6^{}","ff14da610b9a844fc7d07e0a05f31001158aab56"
"crossbario/crossbar-fabric-hangouts","refs/tags/0.1.9","7edf9b9f8a0164e3b212aa5e99c0e24c0cd91af2"
"crossbario/crossbar-fabric-hangouts","refs/tags/0.1.9^{}","66e561e186ce056292d046af95de172bd7bff000"
"crossbario/crossbar-fabric-hangouts","refs/tags/0.2.0","3bb70861cfdf23be54ec35ce84a7cfa0fbcfd402"
"crossbario/crossbar-fabric-hangouts","refs/tags/0.2.0^{}","fac5da9dfb9ab44309244ce9b5879c73143c6ca3"
"crossbario/crossbar-fabric-hangouts","refs/tags/0.2.3","86f3c426e945c8d0064016b11c18ee4a13e9c192"
"crossbario/crossbar-fabric-hangouts","refs/tags/0.2.3^{}","a324d3cb70046088f48f1c3addcfc2196bc6ab0e"
"crossbario/crossbar-fabric-hangouts","refs/tags/0.2.4","8a61a813479b8d6512fa3f4c1daf0040be154da9"
"crossbario/crossbar-fabric-hangouts","refs/tags/0.2.4^{}","75715a228a9bf4d881778e8ca97c9172d4e1725a"
"crossbario/crossbar-fabric-hangouts","refs/tags/smooth_scrolling","e5288d9641a485c36efdb79c69cddc2970392059"
"crossbario/crossbar-fabric-hangouts","refs/tags/smooth_scrolling^{}","cd543583a590e44be614b6f052aa48c7de7d049f"
"crossbario/crossbar-fabric-package","HEAD","d6e170dca4a0aca14a64d2ef7980d1e4e6003fc6"
"crossbario/crossbar-fabric-package","refs/heads/master","d6e170dca4a0aca14a64d2ef7980d1e4e6003fc6"
"crossbario/crossbar-fabric-package","refs/remotes/origin/0.11","151a9ddcf5496f9c207b2d75264f7edfa3a52c5a"
"crossbario/crossbar-fabric-package","refs/remotes/origin/HEAD","d6e170dca4a0aca14a64d2ef7980d1e4e6003fc6"
"crossbario/crossbar-fabric-package","refs/remotes/origin/master","d6e170dca4a0aca14a64d2ef7980d1e4e6003fc6"
"crossbario/crossbar-fabric-package","refs/remotes/origin/pypy260","26b23f857f01e2983bb32386911e4411589080a1"
"crossbario/crossbar-fabric-package","refs/remotes/origin/rel1610","90cf6575c5d072e686e10841d62ccff1828ff880"
"crossbario/crossbar-fabric-shell","HEAD","ca3aa7226c8157d82ba1fa199cf3099e3c1bc3d2"
"crossbario/crossbar-fabric-shell","refs/heads/master","ca3aa7226c8157d82ba1fa199cf3099e3c1bc3d2"
"crossbario/crossbar-fabric-shell","refs/remotes/origin/HEAD","ca3aa7226c8157d82ba1fa199cf3099e3c1bc3d2"
"crossbario/crossbar-fabric-shell","refs/remotes/origin/master","ca3aa7226c8157d82ba1fa199cf3099e3c1bc3d2"
"crossbario/crossbar-fabric-shell","refs/tags/v17.8.1.dev3","f2ec61ddc8f68a6ee50b7d58cfda6509e0e7d7d4"
"crossbario/crossbar-fabric-shell","refs/tags/v17.8.1.dev3^{}","bc7028c3f6548caae3fcf8139043374e13334b7b"
"crossbario/crossbar-fabric-shell","refs/tags/v17.8.2-dev4","8d2e6b69c72cf14d8f75edad7372c4d4bb5453b2"
"crossbario/crossbar-fabric-shell","refs/tags/v17.8.2-dev4^{}","c5d383983926937d1e10cddb4adbe0a46d686a96"
"crossbario/crossbar-fabric-shell","refs/tags/v17.9.1","840e057d48d70d4f8afbbb54355d971d52c7cf27"
"crossbario/crossbar-fabric-shell","refs/tags/v17.9.1^{}","afb43d2fa6a088acdb58bc030590714b819e4eb5"
"crossbario/crossbar-fabric-shell","refs/tags/v18.3.1","72adf2dd772986020eb0763eb052e1c151fd7f2d"
"crossbario/crossbar-fabric-shell","refs/tags/v18.3.1^{}","ca3aa7226c8157d82ba1fa199cf3099e3c1bc3d2"
"crossbario/crossbar-fabric-testrig","HEAD","0646ee4800618081b3a27e9edf5c320d115e0232"
"crossbario/crossbar-fabric-testrig","refs/heads/master","0646ee4800618081b3a27e9edf5c320d115e0232"
"crossbario/crossbar-fabric-testrig","refs/remotes/origin/HEAD","0646ee4800618081b3a27e9edf5c320d115e0232"
"crossbario/crossbar-fabric-testrig","refs/remotes/origin/fix-guesttests","3951f0e2372c4a35688a9a977db8c0321eeb0b27"
"crossbario/crossbar-fabric-testrig","refs/remotes/origin/master","0646ee4800618081b3a27e9edf5c320d115e0232"
"crossbario/crossbar-fabric-testrig","refs/remotes/origin/more-functests","fefa83b697787323cc9d4f48f2397e1832965f87"
"crossbario/crossbar-fabric-testrig","refs/remotes/origin/more-tests--no-frontend--rebase","3a8057e29ba641c3286281509e351f626d721dc7"
"crossbario/crossbar-fabric-testrig","refs/remotes/origin/more-tests-scenarios--no-frontend","7d407d8dd6af0e507e6fa1ba48e402c2b82eedee"
"crossbario/crossbar-fabric-testrig","refs/remotes/origin/porting-api-and-scenarios-rebase","54ed4fa8fe62da18432f6b5223fbaba360543767"
"crossbario/crossbar-fabric-testrig","refs/remotes/origin/porting-api-and-scenarios-squash0","b0b634cafc7cd19cd0f24f36d7eea16a0e904b16"
"crossbario/crossbar-www","HEAD","2ff35c87d5cea5e24caf7d39356ad7c73464d8e0"
"crossbario/crossbar-www","refs/heads/master","2ff35c87d5cea5e24caf7d39356ad7c73464d8e0"
"crossbario/crossbar-www","refs/remotes/origin/HEAD","2ff35c87d5cea5e24caf7d39356ad7c73464d8e0"
"crossbario/crossbar-www","refs/remotes/origin/add_roadmap","de55d7e71577360ace3640bf811d062b82b5186e"
"crossbario/crossbar-www","refs/remotes/origin/commercial_nag","fc596a7999215441a757eabb6ef4de6e9676ab0e"
"crossbario/crossbar-www","refs/remotes/origin/master","2ff35c87d5cea5e24caf7d39356ad7c73464d8e0"
"crossbario/crossbario-organize","HEAD","a8fb6cd53b030347f355e3f9fe682e2a42137851"
"crossbario/crossbario-organize","refs/heads/master","a8fb6cd53b030347f355e3f9fe682e2a42137851"
"crossbario/crossbario-organize","refs/remotes/origin/HEAD","a8fb6cd53b030347f355e3f9fe682e2a42137851"
"crossbario/crossbario-organize","refs/remotes/origin/master","a8fb6cd53b030347f355e3f9fe682e2a42137851"
"crossbario/crossbario-organize","refs/tags/MOVED_TO_MAILBOX_ORG","98ed9b41c7025ed8c74662bff4c5b7c533c7239a"
"crossbario/crossbario-organize","refs/tags/MOVED_TO_MAILBOX_ORG^{}","e04dcdb9161669b22e6b7166b325d3b4690d305e"
"crossbario/crossbario-organize","refs/tags/cbtech_gruendung","09063f006ae46ccf036f962a3cbd66d184cd93e8"
"crossbario/crossbario-organize","refs/tags/cbtech_gruendung^{}","23495210e0a5ed3c4066b1c86acc9f5a0c886d54"
"crossbario/crossbario-www","HEAD","d5d664b7991d458e0ee1ff24c658991bfce2d473"
"crossbario/crossbario-www","refs/heads/fabric_alpha_trial","e930325afc27887124f077e0c9309d33ce420497"
"crossbario/crossbario-www","refs/heads/master","d5d664b7991d458e0ee1ff24c658991bfce2d473"
"crossbario/crossbario-www","refs/remotes/origin/HEAD","d5d664b7991d458e0ee1ff24c658991bfce2d473"
"crossbario/crossbario-www","refs/remotes/origin/bootcamp","af296b67ccc06c4a216be67e29541df1d2f8484a"
"crossbario/crossbario-www","refs/remotes/origin/drink_dispenser","3924ae85e42bf935b4c3d40e7c3e7483f35b5cf2"
"crossbario/crossbario-www","refs/remotes/origin/fabric_alpha_trial","e930325afc27887124f077e0c9309d33ce420497"
"crossbario/crossbario-www","refs/remotes/origin/liveiq","9857433a4b37ebca374999c5796d124154274230"
"crossbario/crossbario-www","refs/remotes/origin/master","d5d664b7991d458e0ee1ff24c658991bfce2d473"
"crossbario/crossbario-www","refs/remotes/origin/roadmap_and_products","28f4bddf3dd3a419e5283d353c4ecdde8e92c157"
"crossbario/tavendo-organize","HEAD","a64334ae6d32bfd4f00526e6ef4b0cc6231494a6"
"crossbario/tavendo-organize","refs/heads/master","a64334ae6d32bfd4f00526e6ef4b0cc6231494a6"
"crossbario/tavendo-organize","refs/remotes/origin/HEAD","a64334ae6d32bfd4f00526e6ef4b0cc6231494a6"
"crossbario/tavendo-organize","refs/remotes/origin/master","a64334ae6d32bfd4f00526e6ef4b0cc6231494a6"
"crossbario/txaio","HEAD","a99d2c82aac2abea5172bfd661324b6c5bd1a4ab"
"crossbario/txaio","refs/heads/fix_setuptools_metadata","edab0339f402e84217a99b5acb75ce17fe2bf269"
"crossbario/txaio","refs/heads/fix_travis","7cb66839b06ea8907165418f40fe5b31488d131c"
"crossbario/txaio","refs/heads/master","a99d2c82aac2abea5172bfd661324b6c5bd1a4ab"
"crossbario/txaio","refs/heads/prepare_rel_v280","acc2364dc0a6495972580e481af14fb4229dbc92"
"crossbario/txaio","refs/heads/rel_2_7_0","1988ea50a031d539834b6ecf56e8a36d0cc0b60c"
"crossbario/txaio","refs/remotes/origin/HEAD","a99d2c82aac2abea5172bfd661324b6c5bd1a4ab"
"crossbario/txaio","refs/remotes/origin/fix_setuptools_metadata","edab0339f402e84217a99b5acb75ce17fe2bf269"
"crossbario/txaio","refs/remotes/origin/fix_travis","7cb66839b06ea8907165418f40fe5b31488d131c"
"crossbario/txaio","refs/remotes/origin/master","a99d2c82aac2abea5172bfd661324b6c5bd1a4ab"
"crossbario/txaio","refs/remotes/origin/prepare_rel_v280","acc2364dc0a6495972580e481af14fb4229dbc92"
"crossbario/txaio","refs/remotes/origin/rel_2_7_0","1988ea50a031d539834b6ecf56e8a36d0cc0b60c"
"crossbario/txaio","refs/remotes/origin/test_tx162","be0321a58134120f00056211367f8ecbce0626ae"
"crossbario/txaio","refs/remotes/upstream/master","a99d2c82aac2abea5172bfd661324b6c5bd1a4ab"
"crossbario/txaio","refs/tags/v1.0.0","5adcc37cb1910351ab5c0a1c95f99be6683da8b5"
"crossbario/txaio","refs/tags/v1.0.0^{}","abb9af9c02055467a553ee05607b8ae00c1b5cdb"
"crossbario/txaio","refs/tags/v1.0.2","1fe89de568c64fa903c6d40cd461be5a447e57c3"
"crossbario/txaio","refs/tags/v1.0.2^{}","48d2ae09ca2899b0daeef0a86a2139725b58a754"
"crossbario/txaio","refs/tags/v1.0.3","847de8054d3f91c2370e47499471c1db5029ab5e"
"crossbario/txaio","refs/tags/v1.0.3^{}","6f2d07d769d85f42f8d9094ee8e2da09dd36b56f"
"crossbario/txaio","refs/tags/v1.1.0","f8cf45f9adca749d39e5ae1ca17a22ee7e82202b"
"crossbario/txaio","refs/tags/v1.1.0^{}","0a94dda0acf06a830c2738f5a01dade8c6cbe3cf"
"crossbario/txaio","refs/tags/v2.0.0","45b58bfbe4a55037e78df558acf431da48597f3e"
"crossbario/txaio","refs/tags/v2.0.0^{}","a12584f8cbc27e3afb2eeeb3c64f888d0d47ee1b"
"crossbario/txaio","refs/tags/v2.0.1","d15ec21250072227386de88a8a8bfaa4a79877bc"
"crossbario/txaio","refs/tags/v2.0.1^{}","783817a2dc95d2743101b82e11f0f3442fa20e79"
"crossbario/txaio","refs/tags/v2.0.2","e6c9442bbbe40bbc96406079219291dda14ca2f3"
"crossbario/txaio","refs/tags/v2.0.2^{}","420df87fa9f19cbccdbab4510ae01bd817ee8ef5"
"crossbario/txaio","refs/tags/v2.0.4","267f95bfd8ed0391629b46d855447dd8fdb6d8df"
"crossbario/txaio","refs/tags/v2.0.4^{}","7df3380374252fb4c003a34b1b97a9e4f616da5d"
"crossbario/txaio","refs/tags/v2.1.0","561130cbb17083e481e9e7f667459e87c1be82d2"
"crossbario/txaio","refs/tags/v2.1.0^{}","9a2fcc0646a37660483542cc01d011b493ae800f"
"crossbario/txaio","refs/tags/v2.2.0","1149f654af2c6a518659e96d9ff82905b76eceee"
"crossbario/txaio","refs/tags/v2.2.0^{}","9dffa25a6dbb17ed77ecabf0797fb9dc962c361f"
"crossbario/txaio","refs/tags/v2.2.1","e8f5c1270aa8f1c523d8aa98ea2e763f4669df08"
"crossbario/txaio","refs/tags/v2.2.1^{}","28794f185fc8ac995163d92834923f7e9cf2e45f"
"crossbario/txaio","refs/tags/v2.2.2","ec1688ff6a7936a39765d6ee5162880db1ffb0ee"
"crossbario/txaio","refs/tags/v2.2.2^{}","e97b0754db9fb32273840ce281f8597344fd798f"
"crossbario/txaio","refs/tags/v2.3.0","4bf653985c872344c71a6ddc0fb57c59058b0f36"
"crossbario/txaio","refs/tags/v2.3.0^{}","6e6f425c94f4c65538b2893931626c8311eeebcd"
"crossbario/txaio","refs/tags/v2.3.1","12c1b4782f4b9c82e3f5c8ba4483136a66c216e7"
"crossbario/txaio","refs/tags/v2.3.1^{}","7aa8dd25c6af735f3907c16ffb164dfc75118a09"
"crossbario/txaio","refs/tags/v2.4.0","ef01981149b6a8806eb8e060e3c773a9f3767922"
"crossbario/txaio","refs/tags/v2.4.0^{}","c806f8a7349aa1ede0e6fb256f9a9f45cd53bb56"
"crossbario/txaio","refs/tags/v2.5.0","f084b63e5c806c39b46ffbcaa0dcf893d6fb442e"
"crossbario/txaio","refs/tags/v2.5.0^{}","bf3fa928277c9b705d3075e381f182139a3805e5"
"crossbario/txaio","refs/tags/v2.5.1","dc27f74b4ea7cfb4f689ff113f392e5f684ee311"
"crossbario/txaio","refs/tags/v2.5.1^{}","560a66ade4c31a5657baa0a89007b28cc7c8c1ad"
"crossbario/txaio","refs/tags/v2.5.2","349ae42c06b1c3fe85c027a5335f9dc8cf2513a1"
"crossbario/txaio","refs/tags/v2.5.2^{}","0fbffb56e39a1e653da4febd991d0d3ade2a6eed"
"crossbario/txaio","refs/tags/v2.6.0","51ed31ce2c1d117f8005dad52589e84d20c502f6"
"crossbario/txaio","refs/tags/v2.6.0^{}","85eca62e53d36725d58a7d20c34f51c034217bc1"
"crossbario/txaio","refs/tags/v2.6.1","4c9597eb4728f5e0e69458fef0883c4d1b435a9b"
"crossbario/txaio","refs/tags/v2.6.1^{}","cb0af2070887c9fd32b4fa9dcd4ed2dbfcc83a0f"
"crossbario/txaio","refs/tags/v2.6.2","103e0e083a39b992fc49ad5caebfaa36a3441796"
"crossbario/txaio","refs/tags/v2.6.2^{}","e33f12e01beb37db933e62e1d0df24cee70c7b21"
"crossbario/txaio","refs/tags/v2.7.0","667c6f4b265ed00980134f50c1c802c14334708a"
"crossbario/txaio","refs/tags/v2.7.0^{}","f7a0cc72576cc538c858e07dfae5e110f0eafea2"
"crossbario/txaio","refs/tags/v2.7.1","08be6c7c062c22b24841b7c56bba05c2fa3061fe"
"crossbario/txaio","refs/tags/v2.7.1^{}","3546578172351361f14a30ba2bf87ac2137fda37"
"crossbario/txaio","refs/tags/v2.8.0","e7e165de773f733be4dbac91f6b8eb415ddb6840"
"crossbario/txaio","refs/tags/v2.8.0^{}","396e67ab2e8d7d30912f53d41dfb0a3cb461d0aa"
"crossbario/txaio","refs/tags/v2.8.1","14876f1c01b43c1fd3ca012836ee153594820b7b"
"crossbario/txaio","refs/tags/v2.8.1^{}","ffcea49c036d4f7f521e505c3dfc9ad8b8eeeb56"
"crossbario/txaio","refs/tags/v2.8.2","16de0510e421a8231f50eb93e9ff34b0cb856240"
"crossbario/txaio","refs/tags/v2.8.2^{}","5828a93bb0366565c2919dd5c4274cb56ddf0423"
"crossbario/txaio","refs/tags/v2.9.0","306d2ee20a0e5414ec71b51584a997f02b410b3b"
"crossbario/txaio","refs/tags/v2.9.0^{}","a99d2c82aac2abea5172bfd661324b6c5bd1a4ab"
"crossbario/wsperf","HEAD","a3b431f34b778077c52737239b98b1bc0787ccca"
"crossbario/wsperf","refs/heads/master","a3b431f34b778077c52737239b98b1bc0787ccca"
"crossbario/wsperf","refs/remotes/origin/HEAD","a3b431f34b778077c52737239b98b1bc0787ccca"
"crossbario/wsperf","refs/remotes/origin/master","a3b431f34b778077c52737239b98b1bc0787ccca"
"wamp-proto/wamp-proto","HEAD","bbe47f3842c071101ce8fed2fb7f6622647917f7"
"wamp-proto/wamp-proto","refs/heads/master","bbe47f3842c071101ce8fed2fb7f6622647917f7"
"wamp-proto/wamp-proto","refs/heads/update_generated_docs","a35c94a08e99c21c4d2efb408087e0f20f9566e5"
"wamp-proto/wamp-proto","refs/remotes/origin/HEAD","bbe47f3842c071101ce8fed2fb7f6622647917f7"
"wamp-proto/wamp-proto","refs/remotes/origin/call_canceling","7cfb15bc4cadc6ae98f206dcd4b9fe6fc3870ad8"
"wamp-proto/wamp-proto","refs/remotes/origin/crasigstring","9d7e0d8cd9ebc382271c9a730cabc374147031f1"
"wamp-proto/wamp-proto","refs/remotes/origin/goodbye-uris","b289f33abeac5104315a82f379c3d4ccbf917570"
"wamp-proto/wamp-proto","refs/remotes/origin/master","bbe47f3842c071101ce8fed2fb7f6622647917f7"
"wamp-proto/wamp-proto","refs/remotes/origin/md_formattings_testing","3cd53329a0d71e3b500458de5dd7745b42436f69"
"wamp-proto/wamp-proto","refs/remotes/origin/protocol_errors","9c15dd369042f185c82a2ae91ae65a6713e4c35e"
"wamp-proto/wamp-proto","refs/remotes/origin/update_generated_docs","a35c94a08e99c21c4d2efb408087e0f20f9566e5"
"wamp-proto/wamp-proto","refs/tags/BEFORE_REPLACE_SPEC_WITH_RFC","e4229656bfd17c94ac0fd332492c337e9b174173"
"wamp-proto/wamp-proto","refs/tags/BEFORE_REPLACE_SPEC_WITH_RFC^{}","f2c76b867a6ece40998712d6de68446bbd5a979f"
"wamp-proto/wamp-proto","refs/tags/draft-01","6a346e3cb223fef616f5f8d023b69f099225d2a4"
"wamp-proto/wamp-proto","refs/tags/draft-01^{}","aeff7e798af808592cf1f1e8a39622288a60d179"
"wamp-proto/wamp-proto","refs/tags/draft-02","549f4431d7f949279cc442b5b44987d4eaacdee7"
"wamp-proto/wamp-proto","refs/tags/draft-02^{}","b11053e2610b62fa9c19514048e01d8a103a8289"
"wamp-proto/wamp-web","HEAD","cc683daf8db48bbd390867265d1d8600d157f12b"
"wamp-proto/wamp-web","refs/heads/master","cc683daf8db48bbd390867265d1d8600d157f12b"
"wamp-proto/wamp-web","refs/remotes/origin/HEAD","cc683daf8db48bbd390867265d1d8600d157f12b"
"wamp-proto/wamp-web","refs/remotes/origin/master","cc683daf8db48bbd390867265d1d8600d157f12b"
